date,br_activity_ipea_monthly_gdp,br_activity_sidra_industry_sa_index,br_credit_spread_bcb_pf_total,br_credit_spread_bcb_pj_total,br_credit_spread_bcb_total,br_credit_stock_bcb_pf_total,br_credit_stock_bcb_pj_total,br_credit_stock_bcb_total,br_delinquency_bcb_pf_total,br_delinquency_bcb_pj_total,br_delinquency_bcb_total,br_ipca_ipea_index,br_ipca_ipea_mom,br_ipca_sidra_mom,br_selic_bcb_monthly_rate,br_unemployment_ipea_rate,br_unemployment_sidra_rate
1979-12-01,,,,,,,,,,,,7.6183e-09,,,,,
1980-01-01,,,,,,,,,,,,8.1223e-09,6.61564916057387,,,,
1980-01-31,,,,,,,,,,,,,,6.62,,,
1980-02-01,,,,,,,,,,,,8.4973e-09,4.61691885303424,,,,
1980-02-29,,,,,,,,,,,,,,4.62,,,
1980-03-01,,,,,,,,,,,,9.0104e-09,6.03838866463464,,,,
1980-03-31,,,,,,,,,,,,,,6.04,,,
1980-04-01,,,,,,,,,,,,9.4867e-09,5.28611382402557,,,,
1980-04-30,,,,,,,,,,,,,,5.29,,,
1980-05-01,,,,,,,,,,,,1.00277e-08,5.70272065101669,,,,
1980-05-31,,,,,,,,,,,,,,5.7,,,
1980-06-01,,,,,,,,,,,,1.05597e-08,5.30530430706944,,,,
1980-06-30,,,,,,,,,,,,,,5.31,,,
1980-07-01,,,,,,,,,,,,1.11453e-08,5.54561209125259,,,,
1980-07-31,,,,,,,,,,,,,,5.55,,,
1980-08-01,,,,,,,,,,,,1.16965e-08,4.94558244282344,,,,
1980-08-31,,,,,,,,,,,,,,4.95,,,
1980-09-01,,,,,,,,,,,,1.21913e-08,4.23032531099046,,,,
1980-09-30,,,,,,,,,,,,,,4.23,,,
1980-10-01,,,,,,,,,,,,1.33471e-08,9.4805311984776,,,,
1980-10-31,,,,,,,,,,,,,,9.48,,,
1980-11-01,,,,,,,,,,,,1.42378e-08,6.67335975605188,,,,
1980-11-30,,,,,,,,,,,,,,6.67,,,
1980-12-01,,,,,,,,,,,,1.51795e-08,6.61408363651688,,,,
1980-12-31,,,,,,,,,,,,,,6.61,,,
1981-01-01,,,,,,,,,,,,1.62174e-08,6.83751111696695,,,,
1981-01-31,,,,,,,,,,,,,,6.84,,,
1981-02-01,,,,,,,,,,,,1.72555e-08,6.40114938276171,,,,
1981-02-28,,,,,,,,,,,,,,6.4,,,
1981-03-01,,,,,,,,,,,,1.81134e-08,4.97174813827477,,,,
1981-03-31,,,,,,,,,,,,,,4.97,,,
1981-04-01,,,,,,,,,,,,1.92839e-08,6.46206675720737,,,,
1981-04-30,,,,,,,,,,,,,,6.46,,,
1981-05-01,,,,,,,,,,,,2.0356e-08,5.55956004750076,,,,
1981-05-31,,,,,,,,,,,,,,5.56,,,
1981-06-01,,,,,,,,,,,,2.14792e-08,5.51778345450973,,,,
1981-06-30,,,,,,,,,,,,,,5.52,,,
1981-07-01,,,,,,,,,,,,2.28229e-08,6.25581958359716,,,,
1981-07-31,,,,,,,,,,,,,,6.26,,,
1981-08-01,,,,,,,,,,,,2.40772e-08,5.49579588921654,,,,
1981-08-31,,,,,,,,,,,,,,5.5,,,
1981-09-01,,,,,,,,,,,,2.53429e-08,5.25684049640323,,,,
1981-09-30,,,,,,,,,,,,,,5.26,,,
1981-10-01,,,,,,,,,,,,2.66297e-08,5.07755623863095,,,,
1981-10-31,,,,,,,,,,,,,,5.08,,,
1981-11-01,,,,,,,,,,,,2.80335e-08,5.27155769685728,,,,
1981-11-30,,,,,,,,,,,,,,5.27,,,
1981-12-01,,,,,,,,,,,,2.96946e-08,5.92541066937771,,,,
1981-12-31,,,,,,,,,,,,,,5.93,,,
1982-01-01,,,,,,,,,,,,3.17628e-08,6.97,,,,
1982-01-31,,,,,,,,,,,,,,6.97,,,
1982-02-01,,,,,,,,,,,,3.38708e-08,6.63669449796618,,,,
1982-02-28,,,,,,,,,,,,,,6.64,,,
1982-03-01,,,,,,,,,,,,3.58057e-08,5.71259019568477,,,,
1982-03-31,,,,,,,,,,,,,,5.71,,,
1982-04-01,,,,,,,,,,,,3.79137e-08,5.88733078811474,,,,
1982-04-30,,,,,,,,,,,,,,5.89,,,
1982-05-01,,,,,,,,,,,,4.04382e-08,6.65854295413002,,,,
1982-05-31,,,,,,,,,,,,,,6.66,,,
1982-06-01,,,,,,,,,,,,4.33113e-08,7.1049156490645,,,,
1982-06-30,,,,,,,,,,,,,,7.1,,,
1982-07-01,,,,,,,,,,,,4.6065e-08,6.35792506805384,,,,
1982-07-31,,,,,,,,,,,,,,6.36,,,
1982-08-01,,,,,,,,,,,,4.88164e-08,5.97286443069576,,,,
1982-08-31,,,,,,,,,,,,,,5.97,,,
1982-09-01,,,,,,,,,,,,5.12964e-08,5.08025991265231,,,,
1982-09-30,,,,,,,,,,,,,,5.08,,,
1982-10-01,,,,,,,,,,,,5.35752e-08,4.44241701172012,,,,
1982-10-31,,,,,,,,,,,,,,4.44,,,
1982-11-01,,,,,,,,,,,,5.64085e-08,5.28845435947976,,,,
1982-11-30,,,,,,,,,,,,,,5.29,,,
1982-12-01,,,,,,,,,,,,6.08117e-08,7.80591577510481,,,,
1982-12-31,,,,,,,,,,,,,,7.81,,,
1983-01-01,,,,,,,,,,,,6.60665e-08,8.64110031457763,,,,
1983-01-31,,,,,,,,,,,,,,8.64,,,
1983-02-01,,,,,,,,,,,,7.12581e-08,7.85814293174301,,,,
1983-02-28,,,,,,,,,,,,,,7.86,,,
1983-03-01,,,,,,,,,,,,7.64919e-08,7.34484921714165,,,,
1983-03-31,,,,,,,,,,,,,,7.34,,,
1983-04-01,,,,,,,,,,,,8.15245e-08,6.57925871889702,,,,
1983-04-30,,,,,,,,,,,,,,6.58,,,
1983-05-01,,,,,,,,,,,,8.68097e-08,6.48295911045147,,,,
1983-05-31,,,,,,,,,,,,,,6.48,,,
1983-06-01,,,,,,,,,,,,9.53868e-08,9.88034747269024,,,,
1983-06-30,,,,,,,,,,,,,,9.88,,,
1983-07-01,,,,,,,,,,,,1.050003e-07,10.0784385260854,,,,
1983-07-31,,,,,,,,,,,,,,10.08,,,
1983-08-01,,,,,,,,,,,,1.145671e-07,9.11121206320362,,,,
1983-08-31,,,,,,,,,,,,,,9.11,,,
1983-09-01,,,,,,,,,,,,1.263682e-07,10.3006011324368,,,,
1983-09-30,,,,,,,,,,,,,,10.3,,,
1983-10-01,,,,,,,,,,,,1.375727e-07,8.86655028717669,,,,
1983-10-31,,,,,,,,,,,,,,8.87,,,
1983-11-01,,,,,,,,,,,,1.477314e-07,7.38424120483205,,,,
1983-11-30,,,,,,,,,,,,,,7.38,,,
1983-12-01,,,,,,,,,,,,1.605502e-07,8.67709911366168,,,,
1983-12-31,,,,,,,,,,,,,,8.68,,,
1984-01-01,,,,,,,,,,,,1.760737e-07,9.66893843794649,,,,
1984-01-31,,,,,,,,,,,,,,9.67,,,
1984-02-01,,,,,,,,,,,,1.92802e-07,9.50073747527316,,,,
1984-02-29,,,,,,,,,,,,,,9.5,,,
1984-03-01,,,,,,,,,,,,2.100357e-07,8.93854835530752,,,,
1984-03-31,,,,,,,,,,,,,,8.94,,,
1984-04-01,,,,,,,,,,,,2.300794e-07,9.54299673817356,,,,
1984-04-30,,,,,,,,,,,,,,9.54,,,
1984-05-01,,,,,,,,,,,,2.509021e-07,9.05022353152869,,,,
1984-05-31,,,,,,,,,,,,,,9.05,,,
1984-06-01,,,,,,,,,,,,2.761935e-07,10.080186654476,,,,
1984-06-30,,,,,,,,,,,,,,10.08,,,
1984-07-01,,,,,,,,,,,,3.030524e-07,9.72466766958673,,,,
1984-07-31,,,,,,,,,,,,,,9.72,,,
1984-08-01,,,,,,,,,,,,3.313854e-07,9.349208255734,,,,
1984-08-31,,,,,,,,,,,,,,9.35,,,
1984-09-01,,,,,,,,,,,,3.703168e-07,11.748073391284,,,,
1984-09-30,,,,,,,,,,,,,,11.75,,,
1984-10-01,,,,,,,,,,,,4.089675e-07,10.4371986364108,,,,
1984-10-31,,,,,,,,,,,,,,10.44,,,
1984-11-01,,,,,,,,,,,,4.520168e-07,10.5263376674186,,,,
1984-11-30,,,,,,,,,,,,,,10.53,,,
1984-12-01,,,,,,,,,,,,5.061559e-07,11.9772318197023,,,,
1984-12-31,,,,,,,,,,,,,,11.98,,,
1985-01-01,,,,,,,,,,,,5.656761e-07,11.7592623142395,,,,
1985-01-31,,,,,,,,,,,,,,11.76,,,
1985-02-01,,,,,,,,,,,,6.271382e-07,10.8652460303697,,,,
1985-02-28,,,,,,,,,,,,,,10.87,,,
1985-03-01,,,,,,,,,,,,6.908698e-07,10.1622895878452,,,,
1985-03-31,,,,,,,,,,,,,,10.16,,,
1985-04-01,,,,,,,,,,,,7.474889e-07,8.19533579264864,,,,
1985-04-30,,,,,,,,,,,,,,8.2,,,
1985-05-01,,,,,,,,,,,,8.01277e-07,7.19583929607517,,,,
1985-05-31,,,,,,,,,,,,,,7.2,,,
1985-06-01,,,,,,,,,,,,8.693369e-07,8.49392906572883,,,,
1985-06-30,,,,,,,,,,,,,,8.49,,,
1985-07-01,,,,,,,,,,,,9.589916e-07,10.3129983324072,,,,
1985-07-31,,,,,,,,,,,,,,10.31,,,
1985-08-01,,,,,,,,,,,,1.0745459e-06,12.0495633121291,,,,
1985-08-31,,,,,,,,,,,,,,12.05,,,
1985-09-01,,,,,,,,,,,,1.1940075e-06,11.1174031746806,,,,
1985-09-30,,,,,,,,,,,,,,11.12,,,
1985-10-01,,,,,,,,,,,,1.3207687e-06,10.616449226659,,,,
1985-10-31,,,,,,,,,,,,,,10.62,,,
1985-11-01,,,,,,,,,,,,1.5053189e-06,13.9729386379311,,,,
1985-11-30,,,,,,,,,,,,,,13.97,,,
1985-12-01,,,,,,,,,,,,1.7322163e-06,15.0730453195001,,,,
1985-12-31,,,,,,,,,,,,,,15.07,,,
1986-01-01,,,,,,,,,,,,1.9811765e-06,14.372350612334,,,,
1986-01-31,,,,,,,,,,,,,,14.37,,,
1986-02-01,,,,,,,,,,,,2.233108e-06,12.7162572340223,,,,
1986-02-28,,,,,,,,,,,,,,12.72,,,
1986-03-01,,,,,,,,,,,,2.3396314e-06,4.77018576799688,,,,
1986-03-31,,,,,,,,,,,,,,4.77,,,
1986-04-01,,,,,,,,,,,,2.3578806e-06,0.780003209052493,,,,
1986-04-30,,,,,,,,,,,,,,0.78,,,
1986-05-01,,,,,,,,,,,,2.3908694e-06,1.39908695970441,,,,
1986-05-31,,,,,,,,,,,,,,1.4,,,
1986-06-01,,,,,,,,,,,,2.4212846e-06,1.27213974966598,,,,
1986-06-30,,,,,,,,,,,,,,1.27,,,
1986-07-01,,,,,,,,,,,,2.462696e-06,1.71030699984629,,,,
1986-07-31,,,,,,,,,,,,,,1.71,,,
1986-08-01,,,,,,,,,,,,2.5501983e-06,3.55311008748136,,2.57,,
1986-08-31,,,,,,,,,,,,,,3.55,,,
1986-09-01,,,,,,,,,,,,2.5939494e-06,1.71559599894644,,2.94,,
1986-09-30,,,,,,,,,,,,,,1.72,,,
1986-10-01,,,,,,,,,,,,2.6433156e-06,1.90312887367812,,1.96,,
1986-10-31,,,,,,,,,,,,,,1.9,,,
1986-11-01,,,,,,,,,,,,2.7874369e-06,5.45229256771305,,2.37,,
1986-11-30,,,,,,,,,,,,,,5.45,,,
1986-12-01,,,,,,,,,,,,3.1121777e-06,11.6501578923634,,5.47,,
1986-12-31,,,,,,,,,,,,,,11.65,,,
1987-01-01,,,,,,,,,,,,3.523251e-06,13.2085420443698,,11.0,,
1987-01-31,,,,,,,,,,,,,,13.21,,,
1987-02-01,,,,,,,,,,,,3.9684829e-06,12.6369622828461,,19.61,,
1987-02-28,,,,,,,,,,,,,,12.64,,,
1987-03-01,,,,,,,,,,,,4.6181985e-06,16.3718886126484,,11.95,,
1987-03-31,,,,,,,,,,,,,,16.37,,,
1987-04-01,,,,,,,,,,,,5.5002395e-06,19.0992440017466,,15.3,,
1987-04-30,,,,,,,,,,,,,,19.1,,,
1987-05-01,,,,,,,,,,,,6.6801157e-06,21.4513604362137,,24.63,,
1987-05-31,,,,,,,,,,,,,,21.45,,,
1987-06-01,,,,,,,,,,,,7.9968603e-06,19.7114041003811,,18.02,,
1987-06-30,,,,,,,,,,,,,,19.71,,,
1987-07-01,,,,,,,,,,,,8.7333762e-06,9.21006335448926,,8.91,,
1987-07-31,,,,,,,,,,,,,,9.21,,,
1987-08-01,,,,,,,,,,,,9.1587212e-06,4.87033868986431,,8.09,,
1987-08-31,,,,,,,,,,,,,,4.87,,,
1987-09-01,,,,,,,,,,,,9.871373e-06,7.78112778452082,,7.99,,
1987-09-30,,,,,,,,,,,,,,7.78,,,
1987-10-01,,,,,,,,,,,,1.09789545e-05,11.2201362464978,,9.45,,
1987-10-31,,,,,,,,,,,,,,11.22,,,
1987-11-01,,,,,,,,,,,,1.26344777e-05,15.0790605790378,,12.92,,
1987-11-30,,,,,,,,,,,,,,15.08,,,
1987-12-01,,,,,,,,,,,,1.44221901e-05,14.149476080044,,14.38,,
1987-12-31,,,,,,,,,,,,,,14.15,,,
1988-01-01,,,,,,,,,,,,1.7146457e-05,18.8894119486055,,16.78,,
1988-01-31,,,,,,,,,,,,,,18.89,,,
1988-02-01,,,,,,,,,,,,1.98384369e-05,15.6999192311274,,18.35,,
1988-02-29,,,,,,,,,,,,,,15.7,,,
1988-03-01,,,,,,,,,,,,2.33301029e-05,17.6005096449912,,16.59,,
1988-03-31,,,,,,,,,,,,,,17.6,,,
1988-04-01,,,,,,,,,,,,2.7830389e-05,19.289611020104,,20.25,,
1988-04-30,,,,,,,,,,,,,,19.29,,,
1988-05-01,,,,,,,,,,,,3.26783343e-05,17.4196102684731,,18.65,,
1988-05-31,,,,,,,,,,,,,,17.42,,,
1988-06-01,,,,,,,,0.0,,,,3.98675537e-05,21.9999567113798,,20.17,,
1988-06-30,,,,,,,,,,,,,,22.0,,,
1988-07-01,,,,,,,,0.0,,,,4.86025677e-05,21.9100827347729,,24.69,,
1988-07-31,,,,,,,,,,,,,,21.91,,,
1988-08-01,,,,,,,,0.0,,,,5.90958147e-05,21.5899025433588,,22.63,,
1988-08-31,,,,,,,,,,,,,,21.59,,,
1988-09-01,,,,,,,,0.0,,,,7.53176493e-05,27.4500566281219,,26.25,,
1988-09-30,,,,,,,,,,,,,,27.45,,,
1988-10-01,,,,,,,,0.0,,,,9.46139936e-05,25.6199502763823,,29.79,,
1988-10-31,,,,,,,,,,,,,,25.62,,,
1988-11-01,,,,,,,,0.0,,,,0.0001210492553,27.9401182575175,,28.41,,
1988-11-30,,,,,,,,,,,,,,27.94,,,
1988-12-01,,,,,,,,0.0,,,,0.0001557904426,28.7000421554845,,30.24,,
1988-12-31,,,,,,,,,,,,,,28.7,,,
1989-01-01,,,,,,,,0.0,,,,0.0002141963,37.4900131389703,,22.97,,
1989-01-31,,,,,,,,,,,,,,37.49,,,
1989-02-01,,,,,,,,0.0,,,,0.0002501384201,16.7799911109576,,18.95,,
1989-02-28,,,,,,,,,,,,,,16.78,,,
1989-03-01,,,,,,,,0.0,,,,0.0002671978428,6.81999298355687,,20.41,,
1989-03-31,,,,,,,,,,,,,,6.82,,,
1989-04-01,,,,,,,,0.0,,,,0.0002894554586,8.33001328407432,,11.52,,
1989-04-30,,,,,,,,,,,,,,8.33,,,
1989-05-01,,,,,,,,0.0,,,,0.0003413257896,17.9199698809895,,11.43,,
1989-05-31,,,,,,,,,,,,,,17.92,,,
1989-06-01,,,,,,,,0.0,,,,0.0004391155989,28.6499913805517,,27.29,,
1989-06-30,,,,,,,,,,,,,,28.65,,,
1989-07-01,,,,,,,,0.0,,,,0.0005609261703,27.7399781982557,,33.15,,
1989-07-31,,,,,,,,,,,,,,27.74,,,
1989-08-01,,,,,,,,0.0,,,,0.0007500144816,33.7100177014151,,35.49,,
1989-08-31,,,,,,,,,,,,,,33.71,,,
1989-09-01,,,,,,,,0.0,,,,0.001031719911,37.5599986814975,,38.58,,
1989-09-30,,,,,,,,,,,,,,37.56,,,
1989-10-01,,,,,,,,0.0,,,,0.0014420348808,39.7699962388339,,47.7,,
1989-10-31,,,,,,,,,,,,,,39.77,,,
1989-11-01,,,,,,,,0.0,,,,0.0021316159803,47.8200013523556,,48.41,,
1989-11-30,,,,,,,,,,,,,,47.82,,,
1989-12-01,,,,,,,,0.0,,,,0.0032293981927,51.4999991811612,,64.21,,
1989-12-31,,,,,,,,,,,,,,51.5,,,
1990-01-01,0.2,,,,,,,1.0,,,,0.0054108567454,67.5500022769304,,67.6,,
1990-01-31,,,,,,,,,,,,,,67.55,,,
1990-02-01,0.4,,,,,,,1.0,,,,0.0095084984833,75.7299986066639,,82.04,,
1990-02-28,,,,,,,,,,,,,,75.73,,,
1990-03-01,0.8,,,,,,,2.0,,,,0.017342550351,82.3899996561932,,36.76,,
1990-03-31,,,,,,,,,,,,,,82.39,,,
1990-04-01,0.7,,,,,,,2.0,,,,0.0200341140678,15.5199994367887,,4.23,,
1990-04-30,,,,,,,,,,,,,,15.52,,,
1990-05-01,0.8,,,,,,,2.0,,,,0.0215547032441,7.58999959346331,,5.69,,
1990-05-31,,,,,,,,,,,,,,7.59,,,
1990-06-01,0.8,,,,,,,3.0,,,,0.0240873809519,11.7500003554595,,8.73,,
1990-06-30,,,,,,,,,,,,,,11.75,,,
1990-07-01,0.9,,,,,,,3.0,,,,0.027199470492,12.9199996725029,,13.79,,
1990-07-31,,,,,,,,,,,,,,12.92,,,
1990-08-01,1.0,,,,,,,3.0,,,,0.0307027623187,12.8800001004814,,11.53,,
1990-08-31,,,,,,,,,,,,,,12.88,,,
1990-09-01,1.1,,,,,,,4.0,,,,0.0351270304097,14.4100001331324,,15.21,,
1990-09-30,,,,,,,,,,,,,,14.41,,,
1990-10-01,1.4,,,,,,,4.0,,,,0.0401712720553,14.360000224235,,16.49,,
1990-10-31,,,,,,,,,,,,,,14.36,,,
1990-11-01,1.7,,,,,,,5.0,,,,0.0469240627842,16.8099997421144,,19.83,,
1990-11-30,,,,,,,,,,,,,,16.81,,,
1990-12-01,1.8,,,,,,,6.0,,,,0.0555768600186,18.4400001214591,,22.86,,
1990-12-31,,,,,,,,,,,,,,18.44,,,
1991-01-01,2.1,,,,,,,7.0,,,,0.0671090584724,20.7499999998929,,21.02,,
1991-01-31,,,,,,,,,,,,,,20.75,,,
1991-02-01,2.4,,,,,,,8.0,,,,0.0810143888491,20.7204968944973,,6.85,,
1991-02-28,,,,,,,,,,,,,,20.72,,,
1991-03-01,2.5,,,,,,,9.0,,,,0.0906736471203,11.9228922274432,,8.99,,
1991-03-31,,,,,,,,,,,,,,11.92,,,
1991-04-01,3.1,,,,,,,10.0,,,,0.0951976035258,4.98927367451969,,9.67,,
1991-04-30,,,,,,,,,,,,,,4.99,,,
1991-05-01,3.6,,,,,,,11.0,,,,0.1022725378062,7.43184073796834,,9.56,,
1991-05-31,,,,,,,,,,,,,,7.43,,,
1991-06-01,4.1,,,,,,,12.0,,,,0.113715813284,11.1890011954962,,10.32,,
1991-06-30,,,,,,,,,,,,,,11.19,,,
1991-07-01,4.6,,,,,,,13.0,,,,0.1278267780427,12.4089731684533,,12.39,,
1991-07-31,,,,,,,,,,,,,,12.41,,,
1991-08-01,5.3,,,,,,,15.0,,,,0.1478066592194,15.6304347826289,,15.75,,
1991-08-31,,,,,,,,,,,,,,15.63,,,
1991-09-01,5.6,,,,,,,18.0,,,,0.1709099599291,15.6307576611999,,19.78,,
1991-09-30,,,,,,,,,,,,,,15.63,,,
1991-10-01,7.5,,,,,,,22.0,,,,0.2054843245466,20.229578563966,,25.95,,
1991-10-31,,,,,,,,,,,,,,20.23,,,
1991-11-01,9.2,,,,,,,28.0,,,,0.2572875157699,25.2102885889731,,32.43,,
1991-11-30,,,,,,,,,,,,,,25.21,,,
1991-12-01,10.5,,,,,,,35.0,,,,0.3182886773263,23.7093359830779,,31.17,,
1991-12-31,,,,,,,,,,,,,,23.71,,,
1992-01-01,13.1,,,,,,,45.0,,,,0.4008536605699,25.9402828706209,,29.06,,
1992-01-31,,,,,,,,,,,,,,25.94,,,
1992-02-01,16.3,,,,,,,56.0,,,,0.4983410307284,24.3199401048005,,28.76,,
1992-02-29,,,,,,,,,,,,,,24.32,,,
1992-03-01,19.6,,,,,,,69.0,,,,0.6049874674181,21.4002921922404,,26.86,,
1992-03-31,,,,,,,,,,,,,,21.4,,,
1992-04-01,23.6,,,,,,,84.0,,,,0.7255614652283,19.9299992650712,,23.92,,
1992-04-30,,,,,,,,,,,,,,19.93,,,
1992-05-01,30.1,,,,,,,103.0,,,,0.9059361644186,24.8600163920702,,23.0,,
1992-05-31,,,,,,,,,,,,,,24.86,,,
1992-06-01,37.5,,,,,,,131.0,,,,1.0890285720637,20.2102990073923,,24.28,,
1992-06-30,,,,,,,,,,,,,,20.21,,,
1992-07-01,46.1,,,,,,,162.0,,,,1.3267641484791,21.8300586884413,,26.21,,
1992-07-31,,,,,,,,,,,,,,21.83,,,
1992-08-01,56.7,,,,,,,202.0,,,,1.6205100844213,22.1400266414289,,25.65,,
1992-08-31,,,,,,,,,,,,,,22.14,,,
1992-09-01,70.8,,,,,,,255.0,,,,2.0196408623306,24.6299471843048,,27.66,,
1992-09-30,,,,,,,,,,,,,,24.63,,,
1992-10-01,89.0,,,,,,,322.0,,,,2.5293973801068,25.2399586126395,,28.18,,
1992-10-31,,,,,,,,,,,,,,25.24,,,
1992-11-01,110.4,,,,,,,409.0,,,,3.0982598885128,22.4900410224186,,26.4,,
1992-11-30,,,,,,,,,,,,,,22.49,,,
1992-12-01,127.7,,,,,,,523.0,,,,3.88025965509,25.2399667786607,,25.92,,
1992-12-31,,,,,,,,,,,,,,25.24,,,
1993-01-01,164.0,,,,,,,659.0,,,,5.0579166458253,30.3499532354874,,28.52,,
1993-01-31,,,,,,,,,,,,,,30.35,,,
1993-02-01,206.9,,,,,,,843.0,,,,6.3213843084293,24.9800016701904,,28.9,,
1993-02-28,,,,,,,,,,,,,,24.98,,,
1993-03-01,294.6,,,,,,,1067.0,,,,8.0445948724789,27.2600190080482,,28.36,,
1993-03-31,,,,,,,,,,,,,,27.26,,,
1993-04-01,368.1,,,,,,,1386.0,,,,10.2769672819025,27.7499668387366,,30.53,,
1993-04-30,,,,,,,,,,,,,,27.75,,,
1993-05-01,481.6,,,,,,,1838.0,,,,13.1226581300609,27.6899864531981,,30.9,,
1993-05-31,,,,,,,,,,,,,,27.69,,,
1993-06-01,613.5,,,,,,,2411.0,,,,17.0686429798089,30.0700118119261,,31.91,,
1993-06-30,,,,,,,,,,,,,,30.07,,,
1993-07-01,841.4,,,,,,,3215.0,,,,22.3121307612362,30.7200038551982,,32.73,,
1993-07-31,,,,,,,,,,,,,,30.72,,,
1993-08-01,1149.5,,,,,,,4348.0,,,,29.6662109364145,32.9600084092141,,34.64,,
1993-08-31,,,,,,,,,,,,,,32.96,,,
1993-09-01,1578.4,,,,,,,5907.0,,,,40.2540807309468,35.6899970044235,,37.23,,
1993-09-30,,,,,,,,,,,,,,35.69,,,
1993-10-01,2071.3,,,,,,,8288.0,,,,53.9082648348533,33.9199998011862,,38.4,,
1993-10-31,,,,,,,,,,,,,,33.92,,,
1993-11-01,2792.8,,,,,,,11427.0,,,,73.078046584524,35.5600051465149,,38.38,,
1993-11-30,,,,,,,,,,,,,,35.56,,,
1993-12-01,3534.9,,,,,,,15789.0,,,,100.0,36.8400014419342,,40.38,,
1993-12-31,,,,,,,,,,,,,,36.84,,,
1994-01-01,4562.8,,,,,,,22015.0,,,,141.31,41.31,,42.76,,
1994-01-31,,,,,,,,,,,,,,41.31,,,
1994-02-01,5793.0,,,,,,,31619.0,,,,198.22,40.2731583044371,,41.99,,
1994-02-28,,,,,,,,,,,,,,40.27,,,
1994-03-01,8520.4,,,,,,,45129.0,,,,282.96,42.7504792654626,,46.42,,
1994-03-31,,,,,,,,,,,,,,42.75,,,
1994-04-01,12828.8,,,,,,,63896.0,,,,403.73,42.6809443030817,,46.49,,
1994-04-30,,,,,,,,,,,,,,42.68,,,
1994-05-01,20504.2,,,,,,,94895.0,,,,581.49,44.029425606222,,47.95,,
1994-05-31,,,,,,,,,,,,,,44.03,,,
1994-06-01,33126.6,,,,,,,140753.0,,,,857.29,47.4298784157939,,50.62,,
1994-06-30,,,,,,,,,,,,,,47.43,,,
1994-07-01,40788.0,,,,,,,151410.0,,,,915.93,6.84015910602014,,6.87,,
1994-07-31,,,,,,,,,,,,,,6.84,,,
1994-08-01,43873.4,,,,,,,161528.0,,,,932.97,1.86040417935869,,4.17,,
1994-08-31,,,,,,,,,,,,,,1.86,,,
1994-09-01,43836.2,,,,,,,170178.0,,,,947.24,1.5295239932688,,3.83,,
1994-09-30,,,,,,,,,,,,,,1.53,,,
1994-10-01,45234.9,,,,,,,177727.0,,,,972.06,2.6202440775305,,3.62,,
1994-10-31,,,,,,,,,,,,,,2.62,,,
1994-11-01,45926.2,,,,,,,183928.0,,,,999.37,2.8094973561303,,4.07,,
1994-11-30,,,,,,,,,,,,,,2.81,,,
1994-12-01,44210.2,,,,,,,186856.0,,,,1016.46,1.7100773487297,,3.8,,
1994-12-31,,,,,,,,,,,,,,1.71,,,
1995-01-01,47028.6,,,,,,,193123.0,,,,1033.74,1.7000177085178,,3.37,,
1995-01-31,,,,,,,,,,,,,,1.7,,,
1995-02-01,49954.5,,,,,,,200569.0,,,,1044.28,1.01959873856095,,3.25,,
1995-02-28,,,,,,,,,,,,,,1.02,,,
1995-03-01,60024.3,,,,,,,207983.0,,,,1060.47,1.55035048071399,,4.26,,
1995-03-31,,,,,,,,,,,,,,1.55,,,
1995-04-01,57789.5,,,,,,,215147.0,,,,1086.24,2.43,,4.26,,
1995-04-30,,,,,,,,,,,,,,2.43,,,
1995-05-01,56350.5,,,,,,,221882.0,,,,1115.24,2.67,,4.25,,
1995-05-31,,,,,,,,,,,,,,2.67,,,
1995-06-01,56726.2,,,,,,,226148.0,,,,1140.44,2.26,,4.04,,
1995-06-30,,,,,,,,,,,,,,2.26,,,
1995-07-01,58788.1,,,,,,,223165.0,,,,1167.35,2.36,,4.02,,
1995-07-31,,,,,,,,,,,,,,2.36,,,
1995-08-01,60950.3,,,,,,,224534.0,,,,1178.91,0.99,,3.84,,
1995-08-31,,,,,,,,,,,,,,0.99,,,
1995-09-01,60610.8,,,,,,,229352.0,,,,1190.58,0.99,,3.32,,
1995-09-30,,,,,,,,,,,,,,0.99,,,
1995-10-01,63428.1,,,,,,,233029.0,,,,1207.37,1.41,,3.09,,
1995-10-31,,,,,,,,,,,,,,1.41,,,
1995-11-01,67762.9,,,,,,,237909.0,,,,1225.12,1.47,,2.88,,
1995-11-30,,,,,,,,,,,,,,1.47,,,
1995-12-01,66577.7,,,,,,,238644.0,,,,1244.23,1.56,,2.78,,
1995-12-31,,,,,,,,,,,,,,1.56,,,
1996-01-01,64133.3,,,,,,,237355.0,,,,1260.9,1.34,,2.58,,
1996-01-31,,,,,,,,,,,,,,1.34,,,
1996-02-01,62202.2,,,,,,,240545.0,,,,1273.89,1.03,,2.35,,
1996-02-29,,,,,,,,,,,,,,1.03,,,
1996-03-01,62987.8,,,,,,,244550.0,,,,1278.35,0.35,,2.22,,
1996-03-31,,,,,,,,,,,,,,0.35,,,
1996-04-01,64019.1,,,,,,,245389.0,,,,1294.46,1.26,,2.07,,
1996-04-30,,,,,,,,,,,,,,1.26,,,
1996-05-01,69488.7,,,,,,,246296.0,,,,1310.25,1.22,,2.01,,
1996-05-31,,,,,,,,,,,,,,1.22,,,
1996-06-01,71103.0,,,,,,,247998.0,,,,1325.84,1.19,,1.98,,
1996-06-30,,,,,,,,,,,,,,1.19,,,
1996-07-01,74969.9,,,,,,,248124.0,,,,1340.56,1.11,,1.93,,
1996-07-31,,,,,,,,,,,,,,1.11,,,
1996-08-01,74798.8,,,,,,,247309.0,,,,1346.46,0.44,,1.97,,
1996-08-31,,,,,,,,,,,,,,0.44,,,
1996-09-01,71744.6,,,,,,,248882.0,,,,1348.48,0.15,,1.9,,
1996-09-30,,,,,,,,,,,,,,0.15,,,
1996-10-01,77200.1,,,,,,,252646.0,,,,1352.53,0.3,,1.86,,
1996-10-31,,,,,,,,,,,,,,0.3,,,
1996-11-01,80449.1,,,,,,,251760.0,,,,1356.86,0.32,,1.8,,
1996-11-30,,,,,,,,,,,,,,0.32,,,
1996-12-01,81667.1,,,,,,,252507.0,,,,1363.24,0.47,,1.8,,
1996-12-31,,,,,,,,,,,,,,0.47,,,
1997-01-01,77582.6,,,,,,,254729.0,,,,1379.33,1.18,,1.73,,
1997-01-31,,,,,,,,,,,,,,1.18,,,
1997-02-01,71072.8,,,,,,,257380.0,,,,1386.23,0.5,,1.67,,
1997-02-28,,,,,,,,,,,,,,0.5,,,
1997-03-01,70461.6,,,,,,,259971.0,,,,1393.3,0.51,,1.64,,
1997-03-31,,,,,,,,,,,,,,0.51,,,
1997-04-01,73576.4,,,,,,,263138.0,,,,1405.56,0.88,,1.66,,
1997-04-30,,,,,,,,,,,,,,0.88,,,
1997-05-01,78110.8,,,,,,,267567.0,,,,1411.32,0.41,,1.58,,
1997-05-31,,,,,,,,,,,,,,0.41,,,
1997-06-01,81202.4,,,,,,,272685.0,,,,1418.94,0.54,,1.61,,
1997-06-30,,,,,,,,,,,,,,0.54,,,
1997-07-01,82058.7,,,,,,,276711.0,,,,1422.06,0.22,,1.6,,
1997-07-31,,,,,,,,,,,,,,0.22,,,
1997-08-01,82132.5,,,,,,,281114.0,,,,1421.78,-0.02,,1.59,,
1997-08-31,,,,,,,,,,,,,,-0.02,,,
1997-09-01,81987.3,,,,,,,285783.0,,,,1422.63,0.06,,1.59,,
1997-09-30,,,,,,,,,,,,,,0.06,,,
1997-10-01,87297.2,,,,,,,290084.0,,,,1425.9,0.23,,1.67,,
1997-10-31,,,,,,,,,,,,,,0.23,,,
1997-11-01,85390.1,,,,,,,292603.0,,,,1428.32,0.17,,3.04,,
1997-11-30,,,,,,,,,,,,,,0.17,,,
1997-12-01,81216.8,,,,,,,259689.0,,,,1434.46,0.43,,2.97,,
1997-12-31,,,,,,,,,,,,,,0.43,,,
1998-01-01,79363.9,,,,,,,259247.0,,,,1444.64,0.71,,2.67,,
1998-01-31,,,,,,,,,,,,,,0.71,,,
1998-02-01,75828.1,,,,,,,264561.0,,,,1451.29,0.46,,2.13,,
1998-02-28,,,,,,,,,,,,,,0.46,,,
1998-03-01,80508.7,,,,,,,264251.0,,,,1456.22,0.34,,2.2,,
1998-03-31,,,,,,,,,,,,,,0.34,,,
1998-04-01,81166.1,,,,,,,266188.0,,,,1459.71,0.24,,1.71,,
1998-04-30,,,,,,,,,,,,,,0.24,,,
1998-05-01,85207.5,,,,,,,268014.0,,,,1467.01,0.5,,1.63,,
1998-05-31,,,,,,,,,,,,,,0.5,,,
1998-06-01,85562.4,,,,,,,267094.0,,,,1467.3,0.02,,1.6,,
1998-06-30,,,,,,,,,,,,,,0.02,,,
1998-07-01,86938.5,,,,,,,266781.0,,,,1465.54,-0.12,,1.7,,
1998-07-31,,,,,,,,,,,,,,-0.12,,,
1998-08-01,86371.3,,,,,,,268189.0,,,,1458.07,-0.51,,1.48,,
1998-08-31,,,,,,,,,,,,,,-0.51,,,
1998-09-01,84733.5,,,,,,,271290.0,,,,1454.86,-0.22,,2.49,,
1998-09-30,,,,,,,,,,,,,,-0.22,,,
1998-10-01,87302.8,,,,,,,271372.0,,,,1455.15,0.02,,2.94,,
1998-10-31,,,,,,,,,,,,,,0.02,,,
1998-11-01,86316.5,,,,,,,278754.0,,,,1453.4,-0.12,,2.63,,
1998-11-30,,,,,,,,,,,,,,-0.12,,,
1998-12-01,83051.8,,,,,,,276888.0,,,,1458.2,0.33,,2.4,,
1998-12-31,,,,,,,,,,,,,,0.33,,,
1999-01-01,80936.3,,,,,,,285572.0,,,,1468.41,0.7,,2.18,,
1999-01-31,,,,,,,,,,,,,,0.7,,,
1999-02-01,80929.1,,,,,,,288519.0,,,,1483.83,1.05,,2.38,,
1999-02-28,,,,,,,,,,,,,,1.05,,,
1999-03-01,88802.6,,,,,,,281128.0,,,,1500.15,1.1,,3.33,,
1999-03-31,,,,,,,,,,,,,,1.1,,,
1999-04-01,87739.0,,,,,,,278607.0,,,,1508.55,0.56,,2.35,,
1999-04-30,,,,,,,,,,,,,,0.56,,,
1999-05-01,89223.0,,,,,,,280168.0,,,,1513.08,0.3,,2.02,,
1999-05-31,,,,,,,,,,,,,,0.3,,,
1999-06-01,91746.9,,,,,,,280154.0,,,,1515.95,0.19,,1.67,,
1999-06-30,,,,,,,,,,,,,,0.19,,,
1999-07-01,91230.4,,,,,,,282091.0,,,,1532.47,1.09,,1.66,,
1999-07-31,,,,,,,,,,,,,,1.09,,,
1999-08-01,92283.4,,,,,,,284365.0,,,,1541.05,0.56,,1.57,,
1999-08-31,,,,,,,,,,,,,,0.56,,,
1999-09-01,90611.8,,,,,,,287791.0,,,,1545.83,0.31,,1.49,,
1999-09-30,,,,,,,,,,,,,,0.31,,,
1999-10-01,95872.4,,,,,,,292800.0,,,,1564.23,1.19,,1.38,,
1999-10-31,,,,,,,,,,,,,,1.19,,,
1999-11-01,99563.1,,,,,,,295824.0,,,,1579.09,0.95,,1.39,,
1999-11-30,,,,,,,,,,,,,,0.95,,,
1999-12-01,98772.5,,,,,,,288505.0,,,,1588.56,0.6,,1.6,,
1999-12-31,,,,,,,,,,,,,,0.6,,,
2000-01-01,92576.6,,,,,,,289197.0,,,,1598.41,0.62,,1.46,,
2000-01-31,,,,,,,,,,,,,,0.62,,,
2000-02-01,91770.4,,,,,,,287573.0,,,,1600.49,0.13,,1.45,,
2000-02-29,,,,,,,,,,,,,,0.13,,,
2000-03-01,92579.9,,,,,,,286084.0,,,,1604.01,0.22,,1.45,,
2000-03-31,,,,,,,,,,,,,,0.22,,,
2000-04-01,91376.2,,,,,,,291609.0,,,,1610.75,0.42,,1.3,,
2000-04-30,,,,,,,,,,,,,,0.42,,,
2000-05-01,98727.0,,,,,,,312232.0,,,,1610.91,0.01,,1.49,,
2000-05-31,,,,,,,,,,,,,,0.01,,,
2000-06-01,102685.4,,,,,,,307011.0,,,,1614.62,0.23,,1.39,,
2000-06-30,,,,,,,,,,,,,,0.23,,,
2000-07-01,103410.4,,,,,,,309905.0,,,,1640.62,1.61,,1.31,,
2000-07-31,,,,,,,,,,,,,,1.61,,,
2000-08-01,105177.8,,,,,,,310257.0,,,,1662.11,1.31,,1.41,,
2000-08-31,,,,,,,,,,,,,,1.31,,,
2000-09-01,100307.6,,,,,,,308673.0,,,,1665.93,0.23,,1.22,,
2000-09-30,,,,,,,,,,,,,,0.23,,,
2000-10-01,106951.1,,,,,,,312895.0,,,,1668.26,0.14,,1.29,,
2000-10-31,,,,,,,,,,,,,,0.14,,,
2000-11-01,107678.0,,,,,,,320782.0,,,,1673.6,0.32,,1.22,,
2000-11-30,,,,,,,,,,,,,,0.32,,,
2000-12-01,105851.6,,,,,,,326826.0,,,,1683.47,0.59,,1.2,,
2000-12-31,,,,,,,,,,,,,,0.59,,,
2001-01-01,102530.7,,,,,,,326686.0,,,,1693.07,0.57,,1.27,,
2001-01-31,,,,,,,,,,,,,,0.57,,,
2001-02-01,101635.3,,,,,,,335278.0,,,,1700.86,0.46,,1.02,,
2001-02-28,,,,,,,,,,,,,,0.46,,,
2001-03-01,108303.8,,,,,,,343913.0,,,,1707.32,0.38,,1.26,,
2001-03-31,,,,,,,,,,,,,,0.38,,,
2001-04-01,107572.0,,,,,,,349563.0,,,,1717.22,0.58,,1.19,,
2001-04-30,,,,,,,,,,,,,,0.58,,,
2001-05-01,111202.2,,,,,,,355931.0,,,,1724.26,0.41,,1.34,,
2001-05-31,,,,,,,,,,,,,,0.41,,,
2001-06-01,104949.4,,,,,,,319496.0,,,,1733.23,0.52,,1.27,,
2001-06-30,,,,,,,,,,,,,,0.52,,,
2001-07-01,110758.9,,,,,,,324558.0,,,,1756.28,1.33,,1.5,,
2001-07-31,,,,,,,,,,,,,,1.33,,,
2001-08-01,113064.7,,,,,,,332145.0,,,,1768.57,0.7,,1.6,,
2001-08-31,,,,,,,,,,,,,,0.7,,,
2001-09-01,108700.8,,,,,,,340660.0,,,,1773.52,0.28,,1.32,,
2001-09-30,,,,,,,,,,,,,,0.28,,,
2001-10-01,116139.0,,,,,,,343567.0,,,,1788.24,0.83,,1.53,,
2001-10-31,,,,,,,,,,,,,,0.83,,,
2001-11-01,117882.0,,,,,,,345008.0,,,,1800.94,0.71,,1.39,,
2001-11-30,,,,,,,,,,,,,,0.71,,,
2001-12-01,113016.7,,,,,,,336376.0,,,,1812.65,0.65,,1.39,,
2001-12-31,,,,,,,,,,,,,,0.65,,,
2002-01-01,112374.8,,,,,,,337735.0,,,,1822.08,0.52,,1.53,,
2002-01-31,,90.77187,,,,,,,,,,,,0.52,,,
2002-02-01,111477.1,,,,,,,340040.0,,,,1828.64,0.36,,1.25,,
2002-02-28,,92.69358,,,,,,,,,,,,0.36,,,
2002-03-01,118444.7,,,,,,,341234.0,,,,1839.61,0.6,,1.37,,
2002-03-31,,92.44416,,,,,,,,,,,,0.6,,,
2002-04-01,120385.9,,,,,,,344649.0,,,,1854.33,0.8,,1.48,,
2002-04-30,,92.61341,,,,,,,,,,,,0.8,,,
2002-05-01,123552.5,,,,,,,349678.0,,,,1858.22,0.21,,1.41,,
2002-05-31,,92.58518,,,,,,,,,,,,0.21,,,
2002-06-01,123424.4,,,,,,,357544.0,,,,1866.02,0.42,,1.33,,
2002-06-30,,92.8284,,,,,,,,,,,,0.42,,,
2002-07-01,126856.6,,,,,,,364476.0,,,,1888.23,1.19,,1.54,,
2002-07-31,,93.24006,,,,,,,,,,,,1.19,,,
2002-08-01,127800.1,,,,,,,359768.0,,,,1900.5,0.65,,1.44,,
2002-08-31,,92.26091,,,,,,,,,,,,0.65,,,
2002-09-01,125137.8,,,,,,,381788.0,,,,1914.18,0.72,,1.38,,
2002-09-30,,92.76962,,,,,,,,,,,,0.72,,,
2002-10-01,133125.4,,,,,,,378612.0,,,,1939.26,1.31,,1.65,,
2002-10-31,,93.15183,,,,,,,,,,,,1.31,,,
2002-11-01,135966.6,,,,,,,381846.0,,,,1997.83,3.02,,1.54,,
2002-11-30,,93.03453,,,,,,,,,,,,3.02,,,
2002-12-01,130241.2,,,,,,,384396.0,,,,2039.78,2.1,,1.74,,
2002-12-31,,92.77167,,,,,,,,,,,,2.1,,,
2003-01-01,127177.5,,,,,,,384508.0,,,,2085.68,2.25,,1.97,,
2003-01-31,,93.05943,,,,,,,,,,,,2.25,,,
2003-02-01,131373.6,,,,,,,388320.0,,,,2118.43,1.57,,1.83,,
2003-02-28,,92.63526,,,,,,,,,,,,1.57,,,
2003-03-01,138690.5,,,,,,,386969.0,,,,2144.49,1.23,,1.78,,
2003-03-31,,92.41121,,,,,,,,,,,,1.23,,,
2003-04-01,141388.1,,,,,,,383307.0,,,,2165.29,0.97,,1.87,,
2003-04-30,,92.30488,,,,,,,,,,,,0.97,,,
2003-05-01,139605.8,,,,,,,386300.0,,,,2178.5,0.61,,1.97,,
2003-05-31,,90.93119,,,,,,,,,,,,0.61,,,
2003-06-01,137993.4,,,,,,,388582.0,,,,2175.23,-0.15,,1.86,,
2003-06-30,,91.436,,,,,,,,,,,,-0.15,,,
2003-07-01,145970.6,,,,,,,389881.0,,,,2179.58,0.2,,2.08,,
2003-07-31,,90.64338,,,,,,,,,,,,0.2,,,
2003-08-01,144819.4,,,,,,,392427.0,,,,2186.99,0.34,,1.77,,
2003-08-31,,91.78902,,,,,,,,,,,,0.34,,,
2003-09-01,148559.8,,,,,,,397523.0,,,,2204.05,0.78,,1.68,,
2003-09-30,,94.60029,,,,,,,,,,,,0.78,,,
2003-10-01,154925.9,,,,,,,403151.0,,,,2210.44,0.29,,1.64,,
2003-10-31,,95.00285,,,,,,,,,,,,0.29,,,
2003-11-01,153644.4,,,,,,,413115.0,,,,2217.96,0.34,,1.34,,
2003-11-30,,95.94458,,,,,,,,,,,,0.34,,,
2003-12-01,153801.4,,,,,,,418258.0,,,,2229.49,0.52,,1.37,,
2003-12-31,,94.64046,,,,,,,,,,,,0.52,,,
2004-01-01,144558.6,,,,,,,417770.0,,,,2246.43,0.76,,1.27,,
2004-01-31,,96.37643,,,,,,,,,,,,0.76,,,
2004-02-01,142861.3,,,,,,,420849.0,,,,2260.13,0.61,,1.08,,
2004-02-29,,97.8573,,,,,,,,,,,,0.61,,,
2004-03-01,157363.5,,,,,,,423347.0,,,,2270.75,0.47,,1.38,,
2004-03-31,,98.51491,,,,,,,,,,,,0.47,,,
2004-04-01,156953.9,,,,,,,435554.0,,,,2279.15,0.37,,1.18,,
2004-04-30,,99.24061,,,,,,,,,,,,0.37,,,
2004-05-01,159498.9,,,,,,,445864.0,,,,2290.77,0.51,,1.23,,
2004-05-31,,100.12334,,,,,,,,,,,,0.51,,,
2004-06-01,165342.2,,,,,,,452933.0,,,,2307.03,0.71,,1.23,,
2004-06-30,,100.50762,,,,,,,,,,,,0.71,,,
2004-07-01,171370.9,,,,,,,457302.0,,,,2328.02,0.91,,1.29,,
2004-07-31,,101.21889,,,,,,,,,,,,0.91,,,
2004-08-01,169178.9,,,,,,,464457.0,,,,2344.08,0.69,,1.29,,
2004-08-31,,102.23375,,,,,,,,,,,,0.69,,,
2004-09-01,164702.5,,,,,,,473707.0,,,,2351.82,0.33,,1.25,,
2004-09-30,,102.72607,,,,,,,,,,,,0.33,,,
2004-10-01,170536.5,,,,,,,487245.0,,,,2362.17,0.44,,1.21,,
2004-10-31,,102.10544,,,,,,,,,,,,0.44,,,
2004-11-01,176921.5,,,,,,,493284.0,,,,2378.47,0.69,,1.25,,
2004-11-30,,102.06406,,,,,,,,,,,,0.69,,,
2004-12-01,178462.4,,,,,,,498722.0,,,,2398.92,0.86,,1.48,,
2004-12-31,,102.75382,,,,,,,,,,,,0.86,,,
2005-01-01,163540.1,,,,,,,505701.0,,,,2412.83,0.58,,1.38,,
2005-01-31,,103.24293,,,,,,,,,,,,0.58,,,
2005-02-01,160701.6,,,,,,,511638.0,,,,2427.07,0.59,,1.22,,
2005-02-28,,101.80556,,,,,,,,,,,,0.59,,,
2005-03-01,175468.7,,,,,,,520285.0,,,,2441.87,0.61,,1.53,,
2005-03-31,,102.82825,,,,,,,,,,,,0.61,,,
2005-04-01,177179.0,,,,,,,530000.0,,,,2463.11,0.87,,1.41,,
2005-04-30,,102.87556,,,,,,,,,,,,0.87,,,
2005-05-01,177496.7,,,,,,,533930.0,,,,2475.18,0.49,,1.5,,
2005-05-31,,106.40713,,,,,,,,,,,,0.49,,,
2005-06-01,180881.8,,,,,,,541320.0,,,,2474.68,-0.02,,1.59,,
2005-06-30,,104.18913,,,,,,,,,,,,-0.02,,,
2005-07-01,184073.7,,,,,,,548819.0,,,,2480.87,0.25,,1.51,,
2005-07-31,,103.5764,,,,,,,,,,,,0.25,,,
2005-08-01,187246.6,,,,,,,557835.0,,,,2485.09,0.17,,1.66,,
2005-08-31,,103.68915,,,,,,,,,,,,0.17,,,
2005-09-01,181538.9,,,,,,,564357.0,,,,2493.79,0.35,,1.5,,
2005-09-30,,102.9625,,,,,,,,,,,,0.35,,,
2005-10-01,189183.0,,,,,,,575972.0,,,,2512.49,0.75,,1.41,,
2005-10-31,,102.54688,,,,,,,,,,,,0.75,,,
2005-11-01,194794.5,,,,,,,590126.0,,,,2526.31,0.55,,1.38,,
2005-11-30,,103.44688,,,,,,,,,,,,0.55,,,
2005-12-01,198480.0,,,,,,,607023.0,,,,2535.4,0.36,,1.47,,
2005-12-31,,105.19516,,,,,,,,,,,,0.36,,,
2006-01-01,185564.8,,,,,,,608729.0,,,,2550.36,0.59,,1.43,,
2006-01-31,,105.6085,,,,,,,,,,,,0.59,,,
2006-02-01,178482.2,,,,,,,615673.0,,,,2560.82,0.41,,1.15,,
2006-02-28,,106.42159,,,,,,,,,,,,0.41,,,
2006-03-01,190223.3,,,,,,,625790.0,,,,2571.83,0.43,,1.42,,
2006-03-31,,105.85606,,,,,,,,,,,,0.43,,,
2006-04-01,185030.6,,,,,,,637440.0,,,,2577.23,0.21,,1.08,,
2006-04-30,,106.32474,,,,,,,,,,,,0.21,,,
2006-05-01,197874.3,,,,,,,654129.0,,,,2579.81,0.1,,1.28,,
2006-05-31,,107.11267,,,,,,,,,,,,0.1,,,
2006-06-01,199071.9,,,,,,,658510.0,,,,2574.39,-0.21,,1.18,,
2006-06-30,,105.72297,,,,,,,,,,,,-0.21,,,
2006-07-01,206974.4,,,,,,,669514.0,,,,2579.28,0.19,,1.17,,
2006-07-31,,106.5749,,,,,,,,,,,,0.19,,,
2006-08-01,209818.0,,,,,,,674302.0,,,,2580.57,0.05,,1.26,,
2006-08-31,,106.40292,,,,,,,,,,,,0.05,,,
2006-09-01,201055.4,,,,,,,684392.0,,,,2585.99,0.21,,1.06,,
2006-09-30,,105.17983,,,,,,,,,,,,0.21,,,
2006-10-01,214271.7,,,,,,,697581.0,,,,2594.52,0.33,,1.09,,
2006-10-31,,106.23143,,,,,,,,,,,,0.33,,,
2006-11-01,219724.2,,,,,,,717045.0,,,,2602.56,0.31,,1.02,,
2006-11-30,,107.55372,,,,,,,,,,,,0.31,,,
2006-12-01,221359.3,,,,,,,732590.0,,,,2615.05,0.48,,0.99,,
2006-12-31,,108.22505,,,,,,,,,,,,0.48,,,
2007-01-01,211130.7,,,,,,,738456.0,,,,2626.56,0.44,,1.08,,
2007-01-31,,108.04406,,,,,,,,,,,,0.44,,,
2007-02-01,202704.1,,,,,,,748518.0,,,,2638.12,0.44,,0.87,,
2007-02-28,,109.34486,,,,,,,,,,,,0.44,,,
2007-03-01,217588.9,,,,,348401.0,413952.0,762353.0,,,,2647.88,0.37,,1.05,,
2007-03-31,,110.80271,,,,,,,,,,,,0.37,,,
2007-04-01,215128.8,,,,,357052.0,424836.0,781888.0,,,,2654.5,0.25,,0.94,,
2007-04-30,,111.92696,,,,,,,,,,,,0.25,,,
2007-05-01,226537.9,,,,,367295.0,425838.0,793133.0,,,,2661.93,0.28,,1.03,,
2007-05-31,,112.19317,,,,,,,,,,,,0.28,,,
2007-06-01,228988.6,,,,,374977.0,430511.0,805488.0,,,,2669.38,0.28,,0.91,,
2007-06-30,,112.90631,,,,,,,,,,,,0.28,,,
2007-07-01,233824.1,,,,,385390.0,439052.0,824442.0,,,,2675.79,0.24,,0.97,,
2007-07-31,,112.51935,,,,,,,,,,,,0.24,,,
2007-08-01,235019.1,,,,,392862.0,456966.0,849829.0,,,,2688.37,0.47,,0.99,,
2007-08-31,,114.1557,,,,,,,,,,,,0.47,,,
2007-09-01,223002.7,,,,,401403.0,464106.0,865511.0,,,,2693.21,0.18,,0.8,,
2007-09-30,,112.80231,,,,,,,,,,,,0.18,,,
2007-10-01,241939.4,,,,,413781.0,475254.0,889035.0,,,,2701.29,0.3,,0.93,,
2007-10-31,,116.18552,,,,,,,,,,,,0.3,,,
2007-11-01,241938.4,,,,,423966.0,494849.0,918815.0,,,,2711.55,0.38,,0.84,,
2007-11-30,,114.92268,,,,,,,,,,,,0.38,,,
2007-12-01,242460.2,,,,,431865.0,512056.0,943922.0,,,,2731.62,0.74,,0.84,,
2007-12-31,,115.26214,,,,,,,,,,,,0.74,,,
2008-01-01,237247.7,,,,,439854.0,513560.0,953413.0,,,,2746.37,0.54,,0.93,,
2008-01-31,,117.17629,,,,,,,,,,,,0.54,,,
2008-02-01,232680.4,,,,,445183.0,522260.0,967443.0,,,,2759.83,0.49,,0.8,,
2008-02-29,,116.93209,,,,,,,,,,,,0.49,,,
2008-03-01,242124.4,,,,,456737.0,544862.0,1001598.0,,,,2773.08,0.48,,0.84,,
2008-03-31,,117.13993,,,,,,,,,,,,0.48,,,
2008-04-01,248793.8,,,,,469437.0,557409.0,1026847.0,,,,2788.33,0.55,,0.9,,
2008-04-30,,117.24728,,,,,,,,,,,,0.55,,,
2008-05-01,254936.9,,,,,481067.0,572822.0,1053889.0,,,,2810.36,0.79,,0.88,,
2008-05-31,,118.12643,,,,,,,,,,,,0.79,,,
2008-06-01,265791.2,,,,,489499.0,587334.0,1076833.0,,,,2831.16,0.74,,0.96,,
2008-06-30,,119.6028,,,,,,,,,,,,0.74,,,
2008-07-01,278095.6,,,,,495983.0,598386.0,1094368.0,,,,2846.16,0.53,,1.07,,
2008-07-31,,120.19942,,,,,,,,,,,,0.53,,,
2008-08-01,269235.6,,,,,503962.0,615495.0,1119457.0,,,,2854.13,0.28,,1.02,,
2008-08-31,,118.80086,,,,,,,,,,,,0.28,,,
2008-09-01,265271.2,,,,,514202.0,646485.0,1160687.0,,,,2861.55,0.26,,1.1,,
2008-09-30,,120.16405,,,,,,,,,,,,0.26,,,
2008-10-01,280522.5,,,,,524889.0,668184.0,1193073.0,,,,2874.43,0.45,,1.18,,
2008-10-31,,116.98341,,,,,,,,,,,,0.45,,,
2008-11-01,270698.8,,,,,527421.0,688358.0,1215779.0,,,,2884.78,0.36,,1.02,,
2008-11-30,,109.76129,,,,,,,,,,,,0.36,,,
2008-12-01,264404.8,,,,,534213.0,699775.0,1233987.0,,,,2892.86,0.28,,1.12,,
2008-12-31,,97.67491,,,,,,,,,,,,0.28,,,
2009-01-01,249934.4,,,,,537046.0,698197.0,1235244.0,,,,2906.74,0.48,,1.05,,
2009-01-31,,99.72447,,,,,,,,,,,,0.48,,,
2009-02-01,244024.5,,,,,536225.0,698600.0,1234825.0,,,,2922.73,0.55,,0.86,,
2009-02-28,,102.04228,,,,,,,,,,,,0.55,,,
2009-03-01,262181.7,,,,,542887.0,705416.0,1248303.0,,,,2928.57,0.2,,0.97,,
2009-03-31,,102.51613,,,,,,,,,,,,0.2,,,
2009-04-01,259563.5,,,,,551333.0,703231.0,1254564.0,,,,2942.63,0.48,,0.84,,
2009-04-30,,103.88989,,,,,,,,,,,,0.48,,,
2009-05-01,268324.0,,,,,563782.0,703135.0,1266918.0,,,,2956.46,0.47,,0.77,,
2009-05-31,,105.13483,,,,,,,,,,,,0.47,,,
2009-06-01,275701.2,,,,,573227.0,709695.0,1282923.0,,,,2967.1,0.36,,0.76,,
2009-06-30,,106.66694,,,,,,,,,,,,0.36,,,
2009-07-01,285444.2,,,,,579386.0,734148.0,1313534.0,,,,2974.22,0.24,,0.79,,
2009-07-31,,108.00533,,,,,,,,,,,,0.24,,,
2009-08-01,284240.4,,,,,588539.0,744780.0,1333320.0,,,,2978.68,0.15,,0.69,,
2009-08-31,,109.6982,,,,,,,,,,,,0.15,,,
2009-09-01,283157.9,,,,,600032.0,753080.0,1353111.0,,,,2985.83,0.24,,0.69,,
2009-09-30,,111.19511,,,,,,,,,,,,0.24,,,
2009-10-01,301895.9,,,,,608549.0,763694.0,1372244.0,,,,2994.19,0.28,,0.69,,
2009-10-31,,113.67476,,,,,,,,,,,,0.28,,,
2009-11-01,305048.8,,,,,615678.0,777239.0,1392918.0,,,,3006.47,0.41,,0.66,,
2009-11-30,,115.09709,,,,,,,,,,,,0.41,,,
2009-12-01,313522.8,,,,,626556.0,793960.0,1420515.0,,,,3017.59,0.37,,0.73,,
2009-12-31,,115.55464,,,,,,,,,,,,0.37,,,
2010-01-01,288972.8,,,,,635960.0,794589.0,1430550.0,,,,3040.22,0.75,,0.66,,
2010-01-31,,117.26321,,,,,,,,,,,,0.75,,,
2010-02-01,285723.2,,,,,642199.0,799320.0,1441519.0,,,,3063.93,0.78,,0.59,,
2010-02-28,,117.04734,,,,,,,,,,,,0.78,,,
2010-03-01,311651.6,,,,,654170.0,803921.0,1458091.0,,,,3079.86,0.52,,0.76,,
2010-03-31,,119.77254,,,,,,,,,,,,0.52,,,
2010-04-01,307083.5,,,,,664048.0,810261.0,1474310.0,,,,3097.42,0.57,,0.67,,
2010-04-30,,120.18785,,,,,,,,,,,,0.57,,,
2010-05-01,315988.4,,,,,677815.0,827703.0,1505517.0,,,,3110.74,0.43,,0.75,,
2010-05-31,,119.83396,,,,,,,,,,,,0.43,,,
2010-06-01,321023.2,,,,,685682.0,850742.0,1536422.0,,,,3110.74,0.0,,0.79,,
2010-06-30,,119.35582,,,,,,,,,,,,0.0,,,
2010-07-01,332454.2,,,,,700012.0,856268.0,1556280.0,,,,3111.05,0.01,,0.86,,
2010-07-31,,118.6132,,,,,,,,,,,,0.01,,,
2010-08-01,334225.6,,,,,713615.0,876241.0,1589856.0,,,,3112.29,0.04,,0.89,,
2010-08-31,,118.31553,,,,,,,,,,,,0.04,,,
2010-09-01,331255.9,,,,,727421.0,894120.0,1621541.0,,,,3126.29,0.45,,0.85,,
2010-09-30,,118.57141,,,,,,,,,,,,0.45,,,
2010-10-01,344963.8,,,,,741319.0,910493.0,1651813.0,,,,3149.74,0.75,,0.81,,
2010-10-31,,118.21151,,,,,,,,,,,,0.75,,,
2010-11-01,356707.5,,,,,758646.0,927066.0,1685712.0,,,,3175.88,0.83,,0.81,,
2010-11-30,,119.01658,,,,,,,,,,,,0.83,,,
2010-12-01,355797.4,,,,,775797.0,936912.0,1712708.0,,,,3195.89,0.63,,0.93,,
2010-12-31,,119.6292,,,,,,,,,,,,0.63,,,
2011-01-01,333255.6,,,,,785244.0,933467.0,1718711.0,,,,3222.42,0.83,,0.86,,
2011-01-31,,119.97712,,,,,,,,,,,,0.83,,,
2011-02-01,334982.0,,,,,793544.0,947964.0,1741509.0,,,,3248.2,0.8,,0.84,,
2011-02-28,,121.44625,,,,,,,,,,,,0.8,,,
2011-03-01,347879.6,,26.06,10.22,17.65,800794.0,958884.0,1759678.0,4.62,1.96,3.17,3273.86,0.79,,0.92,,
2011-03-31,,121.7842,,,,,,,,,,,,0.79,,,
2011-04-01,349049.3,,26.66,10.72,18.22,811662.0,971825.0,1783487.0,4.67,2.04,3.24,3299.07,0.77,,0.84,,
2011-04-30,,118.72551,,,,,,,,,,,,0.77,,,
2011-05-01,366256.2,,26.49,10.72,18.14,825658.0,986470.0,1812128.0,4.82,2.15,3.37,3314.58,0.47,,0.99,,
2011-05-31,,122.30915,,,,,,,,,,,,0.47,,,
2011-06-01,370951.2,,26.3,10.5,17.95,838136.0,1002021.0,1840157.0,4.79,2.09,3.32,3319.55,0.15,,0.96,,
2011-06-30,,120.08802,,,,,,,,,,,,0.15,,,
2011-07-01,373143.3,,26.34,10.39,17.94,849018.0,1012580.0,1861598.0,4.9,2.18,3.42,3324.86,0.16,,0.97,,
2011-07-31,,119.84273,,,,,,,,,,,,0.16,,,
2011-08-01,376769.3,,26.05,10.25,17.75,869039.0,1025674.0,1894713.0,4.97,2.15,3.45,3337.16,0.37,,1.07,,
2011-08-31,,118.94998,,,,,,,,,,,,0.37,,,
2011-09-01,361724.6,,26.75,10.57,18.21,881931.0,1053850.0,1935781.0,5.03,2.14,3.46,3354.85,0.53,,0.94,,
2011-09-30,,117.0417,,,,,,,,,,,,0.53,,,
2011-10-01,378491.0,,27.67,10.56,18.68,893987.0,1056671.0,1950658.0,5.17,2.23,3.58,3369.28,0.43,,0.88,,
2011-10-31,,115.77184,,,,,,,,,,,,0.43,,,
2011-11-01,389560.8,,26.82,10.25,18.1,908586.0,1080026.0,1988613.0,5.22,2.2,3.58,3386.8,0.52,,0.86,,
2011-11-30,,116.31525,,,,,,,,,,,,0.52,,,
2011-12-01,391595.1,,25.04,9.83,17.19,921598.0,1112355.0,2033954.0,5.22,2.15,3.54,3403.73,0.5,,0.91,,
2011-12-31,,119.36775,,,,,,,,,,,,0.5,,,
2012-01-01,367215.4,,26.04,10.81,18.22,934121.0,1099064.0,2033185.0,5.36,2.22,3.66,3422.79,0.56,,0.89,,
2012-01-31,,114.31739,,,,,,,,,,,,0.56,,,
2012-02-01,367177.3,,26.79,10.83,18.63,941121.0,1099920.0,2041040.0,5.4,2.27,3.71,3438.19,0.45,,0.75,,
2012-02-29,,115.23356,,,,,,,,,,,,0.45,,,
2012-03-01,392996.5,,26.56,10.67,18.41,953171.0,1125741.0,2078912.0,5.36,2.24,3.67,3445.41,0.21,,0.82,8.0,
2012-03-31,,114.69519,,,,,,,,,,,,0.21,,,8.0
2012-04-01,381795.3,,26.34,10.48,18.21,964854.0,1141731.0,2106585.0,5.41,2.37,3.76,3467.46,0.64,,0.71,7.8,
2012-04-30,,114.60859,,,,,,,,,,,,0.64,,,7.8
2012-05-01,400281.3,,24.76,9.54,16.96,980828.0,1161233.0,2142061.0,5.51,2.29,3.76,3479.94,0.36,,0.74,7.7,
2012-05-31,,115.20515,,,,,,,,,,,,0.36,,,7.7
2012-06-01,398714.5,,24.17,8.89,16.34,994137.0,1180998.0,2175135.0,5.43,2.27,3.71,3482.72,0.08,,0.64,7.6,
2012-06-30,,115.44732,,,,,,,,,,,,0.08,,,7.6
2012-07-01,414617.4,,23.63,8.94,16.12,1004184.0,1188704.0,2192888.0,5.42,2.28,3.72,3497.7,0.43,,0.68,7.5,
2012-07-31,,116.99591,,,,,,,,,,,,0.43,,,7.5
2012-08-01,419906.3,,22.83,8.85,15.69,1022556.0,1197310.0,2219866.0,5.4,2.35,3.75,3512.04,0.41,,0.69,7.3,
2012-08-31,,119.53998,,,,,,,,,,,,0.41,,,7.3
2012-09-01,393524.7,,22.88,8.5,15.52,1025645.0,1218829.0,2244474.0,5.41,2.31,3.72,3532.06,0.57,,0.54,7.1,
2012-09-30,,117.1501,,,,,,,,,,,,0.57,,,7.1
2012-10-01,422672.1,,22.42,8.17,15.14,1041511.0,1234774.0,2276286.0,5.34,2.43,3.76,3552.9,0.59,,0.61,6.9,
2012-10-31,,118.9332,,,,,,,,,,,,0.59,,,6.9
2012-11-01,423816.4,,21.87,8.3,14.93,1056237.0,1254604.0,2310841.0,5.21,2.38,3.67,3574.22,0.6,,0.55,6.8,
2012-11-30,,117.35636,,,,,,,,,,,,0.6,,,6.8
2012-12-01,423195.9,,20.85,7.41,13.95,1076471.0,1291867.0,2368338.0,5.1,2.26,3.55,3602.46,0.79,,0.55,6.9,
2012-12-31,,118.06943,,,,,,,,,,,,0.79,,,6.9
2013-01-01,414131.8,,20.87,8.34,14.47,1088275.0,1277890.0,2366165.0,5.03,2.27,3.54,3633.44,0.86,,0.6,7.2,
2013-01-31,,119.1867,,,,,,,,,,,,0.86,,,7.2
2013-02-01,398645.4,,21.22,8.21,14.59,1094775.0,1288822.0,2383597.0,4.98,2.27,3.51,3655.24,0.6,,0.49,7.8,
2013-02-28,,115.71784,,,,,,,,,,,,0.6,,,7.8
2013-03-01,427409.8,,20.6,8.03,14.21,1108015.0,1319047.0,2427062.0,4.94,2.2,3.45,3672.42,0.47,,0.55,8.0,
2013-03-31,,118.09142,,,,,,,,,,,,0.47,,,8.0
2013-04-01,438856.8,,20.44,7.95,14.11,1124846.0,1324301.0,2449147.0,4.85,2.3,3.47,3692.62,0.55,,0.61,7.9,
2013-04-30,,120.04141,,,,,,,,,,,,0.55,,,7.9
2013-05-01,439054.2,,20.09,7.59,13.78,1143984.0,1343310.0,2487294.0,4.88,2.27,3.47,3706.28,0.37,,0.6,7.6,
2013-05-31,,119.76775,,,,,,,,,,,,0.37,,,7.6
2013-06-01,442857.0,,19.43,7.33,13.34,1160114.0,1371462.0,2531576.0,4.61,2.1,3.25,3715.92,0.26,,0.61,7.5,
2013-06-30,,120.19909,,,,,,,,,,,,0.26,,,7.5
2013-07-01,458458.9,,19.82,7.57,13.69,1173994.0,1371133.0,2545127.0,4.56,2.06,3.21,3717.03,0.03,,0.72,7.4,
2013-07-31,,119.5492,,,,,,,,,,,,0.03,,,7.4
2013-08-01,452862.2,,19.53,7.58,13.55,1190495.0,1387379.0,2577874.0,4.45,2.01,3.13,3725.95,0.24,,0.71,7.2,
2013-08-31,,119.85093,,,,,,,,,,,,0.24,,,7.2
2013-09-01,438766.7,,19.61,7.5,13.53,1202447.0,1394720.0,2597168.0,4.44,2.02,3.14,3738.99,0.35,,0.71,7.0,
2013-09-30,,120.43422,,,,,,,,,,,,0.35,,,7.0
2013-10-01,466166.0,,20.13,7.49,13.79,1212482.0,1391759.0,2604241.0,4.25,2.02,3.06,3760.3,0.57,,0.81,6.8,
2013-10-31,,119.11424,,,,,,,,,,,,0.57,,,6.8
2013-11-01,465693.8,,19.94,7.55,13.74,1227984.0,1418888.0,2646873.0,4.15,1.94,2.97,3780.61,0.54,,0.72,6.5,
2013-11-30,,119.74814,,,,,,,,,,,,0.54,,,6.5
2013-12-01,473552.5,,19.31,7.33,13.28,1249372.0,1461999.0,2711371.0,4.06,1.83,2.86,3815.39,0.92,,0.79,6.2,
2013-12-31,,115.54458,,,,,,,,,,,,0.92,,,6.2
2014-01-01,455935.0,,19.94,8.05,13.99,1263128.0,1450143.0,2713271.0,4.03,1.82,2.84,3836.37,0.55,,0.85,6.5,
2014-01-31,,117.56256,,,,,,,,,,,,0.55,,,6.5
2014-02-01,450358.8,,21.31,8.2,14.75,1270206.0,1455446.0,2725652.0,4.0,1.86,2.86,3862.84,0.69,,0.79,6.8,
2014-02-28,,118.03383,,,,,,,,,,,,0.69,,,6.8
2014-03-01,462159.8,,21.37,8.07,14.72,1281603.0,1470686.0,2752289.0,4.05,1.87,2.88,3898.38,0.92,,0.77,7.2,
2014-03-31,,117.51794,,,,,,,,,,,,0.92,,,7.2
2014-04-01,468767.5,,21.3,8.31,14.81,1294198.0,1477149.0,2771347.0,4.1,1.89,2.92,3924.5,0.67,,0.82,7.2,
2014-04-30,,116.61946,,,,,,,,,,,,0.67,,,7.2
2014-05-01,473347.1,,21.44,8.43,14.95,1311184.0,1486831.0,2798015.0,4.16,1.97,3.0,3942.55,0.46,,0.87,7.0,
2014-05-31,,115.45494,,,,,,,,,,,,0.46,,,7.0
2014-06-01,458516.5,,21.85,8.15,15.02,1324777.0,1499849.0,2824626.0,3.98,1.95,2.9,3958.32,0.4,,0.82,6.9,
2014-06-30,,112.16729,,,,,,,,,,,,0.4,,,6.9
2014-07-01,481994.0,,21.98,8.56,15.3,1333060.0,1497784.0,2830844.0,4.05,1.98,2.96,3958.72,0.01,,0.95,7.0,
2014-07-31,,114.9736,,,,,,,,,,,,0.01,,,7.0
2014-08-01,477052.9,,21.98,8.27,15.18,1348138.0,1509536.0,2857674.0,4.04,2.03,2.98,3968.62,0.25,,0.87,7.0,
2014-08-31,,115.38494,,,,,,,,,,,,0.25,,,7.0
2014-09-01,476520.6,,21.31,8.26,14.84,1361005.0,1535565.0,2896570.0,3.94,2.0,2.91,3991.24,0.57,,0.91,6.8,
2014-09-30,,115.62003,,,,,,,,,,,,0.57,,,6.8
2014-10-01,493304.7,,21.95,8.26,15.18,1378381.0,1541066.0,2919447.0,3.98,2.05,2.96,4008.0,0.42,,0.95,6.7,
2014-10-31,,115.77547,,,,,,,,,,,,0.42,,,6.7
2014-11-01,489484.4,,21.94,8.1,15.12,1390556.0,1566044.0,2956599.0,3.84,1.97,2.85,4028.44,0.51,,0.84,6.6,
2014-11-30,,114.69981,,,,,,,,,,,,0.51,,,6.6
2014-12-01,499867.7,,21.12,7.93,14.61,1416065.0,1601391.0,3017456.0,3.67,1.89,2.73,4059.86,0.78,,0.96,6.6,
2014-12-31,,111.57904,,,,,,,,,,,,0.78,,,6.6
2015-01-01,472913.9,,22.39,8.7,15.68,1430120.0,1591349.0,3021469.0,3.75,1.98,2.82,4110.2,1.24,,0.94,6.9,
2015-01-31,,112.06887,,,,,,,,,,,,1.24,,,6.9
2015-02-01,460156.7,,23.23,9.05,16.28,1433769.0,1599734.0,3033503.0,3.81,1.99,2.85,4160.34,1.22,,0.82,7.5,
2015-02-28,,111.02564,,,,,,,,,,,,1.22,,,7.5
2015-03-01,501752.2,,22.91,8.85,16.03,1445141.0,1625477.0,3070618.0,3.67,2.06,2.82,4215.26,1.32,,1.04,8.0,
2015-03-31,,110.67582,,,,,,,,,,,,1.32,,,8.0
2015-04-01,486614.6,,23.85,9.27,16.75,1453221.0,1617486.0,3070707.0,3.75,2.24,2.96,4245.19,0.71,,0.95,8.1,
2015-04-30,,108.53062,,,,,,,,,,,,0.71,,,8.1
2015-05-01,483239.7,,24.42,9.26,17.05,1461804.0,1630568.0,3092373.0,3.86,2.27,3.02,4276.6,0.74,,0.99,8.2,
2015-05-31,,107.28888,,,,,,,,,,,,0.74,,,8.2
2015-06-01,486647.5,,24.93,9.52,17.44,1469882.0,1640086.0,3109967.0,3.66,2.25,2.92,4310.39,0.79,,1.07,8.4,
2015-06-30,,106.47469,,,,,,,,,,,,0.79,,,8.4
2015-07-01,502275.2,,25.73,9.84,18.06,1475360.0,1643742.0,3119102.0,3.78,2.37,3.03,4337.11,0.62,,1.18,8.6,
2015-07-31,,104.5919,,,,,,,,,,,,0.62,,,8.6
2015-08-01,492505.7,,26.06,10.03,18.32,1486592.0,1657395.0,3143987.0,3.89,2.43,3.12,4346.65,0.22,,1.11,8.8,
2015-08-31,,105.02431,,,,,,,,,,,,0.22,,,8.8
2015-09-01,496004.7,,25.93,9.96,18.21,1493068.0,1681022.0,3174090.0,3.95,2.38,3.12,4370.12,0.54,,1.11,9.0,
2015-09-30,,102.66098,,,,,,,,,,,,0.54,,,9.0
2015-10-01,518828.9,,26.85,10.17,18.83,1496614.0,1670159.0,3166774.0,4.08,2.48,3.24,4405.95,0.82,,1.11,9.1,
2015-10-31,,102.50958,,,,,,,,,,,,0.82,,,9.1
2015-11-01,513819.8,,27.15,10.33,19.09,1508221.0,1678370.0,3186591.0,4.2,2.63,3.38,4450.45,1.01,,1.06,9.1,
2015-11-30,,100.71219,,,,,,,,,,,,1.01,,,9.1
2015-12-01,521918.7,,26.26,9.53,18.21,1518662.0,1710914.0,3229576.0,4.23,2.61,3.37,4493.17,0.96,,1.16,9.1,
2015-12-31,,99.2549,,,,,,,,,,,,0.96,,,9.1
2016-01-01,490284.0,,27.66,11.19,19.78,1521900.0,1686224.0,3208123.0,4.3,2.72,3.47,4550.23,1.27,,1.06,9.6,
2016-01-31,,100.05188,,,,,,,,,,,,1.27,,,9.6
2016-02-01,491011.7,,28.63,11.64,20.56,1522813.0,1669474.0,3192287.0,4.3,2.78,3.5,4591.18,0.9,,1.0,10.3,
2016-02-29,,98.99757,,,,,,,,,,,,0.9,,,10.3
2016-03-01,516985.9,,29.8,11.73,21.28,1527590.0,1643265.0,3170854.0,4.25,2.85,3.53,4610.92,0.43,,1.16,11.0,
2016-03-31,,99.57519,,,,,,,,,,,,0.43,,,11.0
2016-04-01,508058.7,,31.07,11.64,21.99,1526375.0,1624448.0,3150823.0,4.3,3.04,3.65,4639.05,0.61,,1.06,11.3,
2016-04-30,,99.60379,,,,,,,,,,,,0.61,,,11.3
2016-05-01,513267.5,,31.57,11.67,22.32,1533354.0,1624441.0,3157795.0,4.32,3.17,3.73,4675.23,0.78,,1.11,11.3,
2016-05-31,,99.99013,,,,,,,,,,,,0.78,,,11.3
2016-06-01,536459.3,,31.22,11.67,22.17,1536798.0,1603433.0,3140231.0,4.05,2.99,3.51,4691.59,0.35,,1.16,11.4,
2016-06-30,,98.64414,,,,,,,,,,,,0.35,,,11.4
2016-07-01,532947.8,,31.52,12.25,22.68,1538189.0,1588513.0,3126702.0,4.1,3.03,3.56,4715.99,0.52,,1.11,11.7,
2016-07-31,,99.32378,,,,,,,,,,,,0.52,,,11.7
2016-08-01,534761.8,,31.78,12.34,22.93,1546795.0,1578740.0,3125535.0,4.12,3.17,3.64,4736.74,0.44,,1.22,11.9,
2016-08-31,,97.50482,,,,,,,,,,,,0.44,,,11.9
2016-09-01,509975.0,,32.6,11.72,23.12,1550208.0,1571752.0,3121960.0,4.18,3.18,3.68,4740.53,0.08,,1.11,11.9,
2016-09-30,,98.51901,,,,,,,,,,,,0.08,,,11.9
2016-10-01,525162.7,,33.07,12.15,23.61,1547944.0,1557581.0,3105525.0,4.18,3.51,3.84,4752.86,0.26,,1.05,11.9,
2016-10-31,,97.15462,,,,,,,,,,,,0.26,,,11.9
2016-11-01,541530.7,,32.85,11.47,23.23,1558281.0,1556307.0,3114587.0,4.09,3.5,3.8,4761.42,0.18,,1.04,12.0,
2016-11-30,,98.11268,,,,,,,,,,,,0.18,,,12.0
2016-12-01,565780.5,,31.73,10.74,22.31,1569164.0,1548645.0,3117809.0,3.95,3.44,3.7,4775.7,0.3,,1.12,12.1,
2016-12-31,,99.74104,,,,,,,,,,,,0.3,,,12.1
2017-01-01,526564.7,,32.53,12.35,23.59,1574530.0,1511586.0,3086116.0,3.98,3.47,3.73,4793.85,0.38,,1.09,12.7,
2017-01-31,,100.45497,,,,,,,,,,,,0.38,,,12.7
2017-02-01,514120.5,,32.9,11.67,23.55,1575512.0,1507526.0,3083038.0,4.0,3.49,3.75,4809.67,0.33,,0.87,13.3,
2017-02-28,,101.47305,,,,,,,,,,,,0.33,,,13.3
2017-03-01,544312.9,,32.6,11.79,23.5,1584667.0,1505787.0,3090455.0,4.01,3.69,3.85,4821.69,0.25,,1.05,13.9,
2017-03-31,,99.99678,,,,,,,,,,,,0.25,,,13.9
2017-04-01,525238.1,,30.28,11.34,22.01,1586373.0,1496040.0,3082414.0,4.04,3.82,3.93,4828.44,0.14,,0.79,13.7,
2017-04-30,,99.94742,,,,,,,,,,,,0.14,,,13.7
2017-05-01,548887.7,,28.11,11.18,20.77,1596592.0,1480996.0,3077588.0,4.1,3.98,4.04,4843.41,0.31,,0.93,13.4,
2017-05-31,,100.39821,,,,,,,,,,,,0.31,,,13.4
2017-06-01,556787.6,,28.08,10.78,20.64,1604318.0,1485896.0,3090213.0,3.85,3.6,3.73,4832.27,-0.23,,0.81,13.1,
2017-06-30,,101.30787,,,,,,,,,,,,-0.23,,,13.1
2017-07-01,557458.2,,28.92,11.4,21.41,1609007.0,1456057.0,3065064.0,3.95,3.4,3.69,4843.87,0.24,,0.8,12.9,
2017-07-31,,101.48898,,,,,,,,,,,,0.24,,,12.9
2017-08-01,555578.7,,28.56,11.37,21.28,1620808.0,1442958.0,3063766.0,3.93,3.44,3.7,4853.07,0.19,,0.8,12.7,
2017-08-31,,101.54955,,,,,,,,,,,,0.19,,,12.7
2017-09-01,528871.2,,26.98,10.45,20.01,1624211.0,1439429.0,3063640.0,3.87,3.29,3.6,4860.83,0.16,,0.64,12.5,
2017-09-30,,101.89485,,,,,,,,,,,,0.16,,,12.5
2017-10-01,549304.7,,27.32,11.22,20.58,1636329.0,1432195.0,3068523.0,3.87,3.35,3.63,4881.25,0.42,,0.64,12.3,
2017-10-31,,102.87599,,,,,,,,,,,,0.42,,,12.3
2017-11-01,566209.3,,26.65,10.77,20.05,1650998.0,1429364.0,3080362.0,3.77,3.27,3.54,4894.92,0.28,,0.57,12.1,
2017-11-30,,103.32497,,,,,,,,,,,,0.28,,,12.1
2017-12-01,588892.8,,25.13,9.78,18.75,1660162.0,1445115.0,3105277.0,3.53,2.9,3.24,4916.46,0.44,,0.54,11.9,
2017-12-31,,106.08388,,,,,,,,,,,,0.44,,,11.9
2018-01-01,555644.6,,25.63,10.88,19.44,1670402.0,1410571.0,3080974.0,3.72,3.06,3.42,4930.72,0.29,,0.58,12.3,
2018-01-31,,103.69156,,,,,,,,,,,,0.29,,,12.3
2018-02-01,528905.5,,26.63,10.9,20.08,1669009.0,1405303.0,3074312.0,3.7,3.1,3.43,4946.5,0.32,,0.47,12.7,
2018-02-28,,102.91899,,,,,,,,,,,,0.32,,,12.7
2018-03-01,560120.7,,26.58,9.88,19.63,1678623.0,1415763.0,3094386.0,3.64,2.86,3.29,4950.95,0.09,,0.53,13.2,
2018-03-31,,104.54503,,,,,,,,,,,,0.09,,,13.2
2018-04-01,559359.8,,26.55,9.31,19.39,1688992.0,1414907.0,3103899.0,3.62,2.95,3.32,4961.84,0.22,,0.52,13.0,
2018-04-30,,104.89787,,,,,,,,,,,,0.22,,,13.0
2018-05-01,547016.5,,24.72,8.93,18.18,1698149.0,1419445.0,3117593.0,3.59,2.96,3.3,4981.69,0.4,,0.52,12.8,
2018-05-31,,93.45488,,,,,,,,,,,,0.4,,,12.8
2018-06-01,580697.8,,23.75,8.19,17.31,1706124.0,1432717.0,3138842.0,3.47,2.54,3.04,5044.46,1.26,,0.52,12.6,
2018-06-30,,105.02329,,,,,,,,,,,,1.26,,,12.6
2018-07-01,583054.8,,23.48,8.67,17.35,1713564.0,1420881.0,3134446.0,3.5,2.44,3.02,5061.11,0.33,,0.54,12.4,
2018-07-31,,104.68772,,,,,,,,,,,,0.33,,,12.4
2018-08-01,582756.7,,23.18,8.45,17.12,1731984.0,1434320.0,3166304.0,3.49,2.49,3.04,5056.56,-0.09,,0.57,12.2,
2018-08-31,,103.83095,,,,,,,,,,,,-0.09,,,12.2
2018-09-01,556776.6,,22.95,8.45,17.03,1740771.0,1440877.0,3181647.0,3.41,2.6,3.04,5080.83,0.48,,0.47,12.0,
2018-09-30,,100.8248,,,,,,,,,,,,0.48,,,12.0
2018-10-01,591983.9,,23.63,9.0,17.71,1759757.0,1417390.0,3177146.0,3.37,2.65,3.05,5103.69,0.45,,0.54,11.8,
2018-10-31,,102.30582,,,,,,,,,,,,0.45,,,11.8
2018-11-01,593926.9,,23.89,8.97,17.91,1784716.0,1427818.0,3212535.0,3.3,2.54,2.96,5092.97,-0.21,,0.49,11.7,
2018-11-30,,102.15935,,,,,,,,,,,,-0.21,,,11.7
2018-12-01,603155.2,,22.66,8.03,16.73,1803027.0,1462037.0,3265064.0,3.25,2.41,2.87,5100.61,0.15,,0.49,11.7,
2018-12-31,,102.0069,,,,,,,,,,,,0.15,,,11.7
2019-01-01,578452.6,,24.18,9.55,18.29,1814074.0,1423002.0,3237076.0,3.34,2.47,2.95,5116.93,0.32,,0.54,12.2,
2019-01-31,,101.50918,,,,,,,,,,,,0.32,,,12.2
2019-02-01,567984.5,,24.86,9.34,18.7,1823184.0,1424211.0,3247396.0,3.3,2.4,2.91,5138.93,0.43,,0.49,12.5,
2019-02-28,,101.82233,,,,,,,,,,,,0.43,,,12.5
2019-03-01,579172.6,,25.33,9.18,18.92,1836305.0,1436695.0,3273000.0,3.36,2.51,2.99,5177.47,0.75,,0.47,12.8,
2019-03-31,,101.23438,,,,,,,,,,,,0.75,,,12.8
2019-04-01,592916.0,,25.31,9.26,18.99,1852546.0,1420024.0,3272570.0,3.36,2.58,3.02,5206.98,0.57,,0.52,12.6,
2019-04-30,,101.86248,,,,,,,,,,,,0.57,,,12.6
2019-05-01,604607.4,,25.21,9.12,18.87,1870663.0,1420549.0,3291212.0,3.41,2.59,3.05,5213.75,0.13,,0.54,12.4,
2019-05-31,,101.8083,,,,,,,,,,,,0.13,,,12.4
2019-06-01,598283.0,,25.71,8.88,19.15,1882338.0,1419273.0,3301611.0,3.35,2.42,2.95,5214.27,0.01,,0.47,12.1,
2019-06-30,,100.81142,,,,,,,,,,,,0.01,,,12.1
2019-07-01,627049.7,,25.68,9.4,19.37,1899265.0,1396922.0,3296187.0,3.44,2.54,3.06,5224.18,0.19,,0.57,11.9,
2019-07-31,,100.2873,,,,,,,,,,,,0.19,,,11.9
2019-08-01,616157.6,,25.91,9.24,19.53,1921792.0,1411215.0,3333007.0,3.48,2.44,3.04,5229.93,0.11,,0.5,11.9,
2019-08-31,,101.34642,,,,,,,,,,,,0.11,,,11.9
2019-09-01,614187.9,,25.31,8.6,18.91,1941277.0,1427524.0,3368801.0,3.54,2.39,3.06,5227.84,-0.04,,0.46,11.9,
2019-09-30,,101.35029,,,,,,,,,,,,-0.04,,,11.9
2019-10-01,641340.1,,24.87,8.99,18.8,1964732.0,1415578.0,3380309.0,3.53,2.35,3.03,5233.07,0.1,,0.48,11.7,
2019-10-31,,103.67034,,,,,,,,,,,,0.1,,,11.7
2019-11-01,634826.2,,25.2,8.75,18.94,1987974.0,1435147.0,3423121.0,3.54,2.27,3.0,5259.76,0.51,,0.38,11.3,
2019-11-30,,101.21966,,,,,,,,,,,,0.51,,,11.3
2019-12-01,646343.1,,23.81,8.33,17.91,2017046.0,1458826.0,3475872.0,3.51,2.14,2.94,5320.25,1.15,,0.37,11.1,
2019-12-31,,99.80543,,,,,,,,,,,,1.15,,,11.1
2020-01-01,617747.2,,23.75,9.71,18.45,2033634.0,1431634.0,3465268.0,3.57,2.19,3.0,5331.42,0.21,,0.38,11.3,
2020-01-31,,101.17259,,,,,,,,,,,,0.21,,,11.3
2020-02-01,609810.8,,24.5,8.98,18.65,2042663.0,1442009.0,3484672.0,3.66,2.16,3.04,5344.75,0.25,,0.29,11.7,
2020-02-29,,101.86259,,,,,,,,,,,,0.25,,,11.7
2020-03-01,616335.3,,23.84,8.76,18.06,2049113.0,1534303.0,3583416.0,3.94,2.16,3.18,5348.49,0.07,,0.34,12.4,
2020-03-31,,94.01381,,,,,,,,,,,,0.07,,,12.4
2020-04-01,555387.4,,22.52,8.85,17.08,2029785.0,1554328.0,3584113.0,4.07,2.28,3.29,5331.91,-0.31,,0.28,12.7,
2020-04-30,,75.48285,,,,,,,,,,,,-0.31,,,12.7
2020-05-01,561628.4,,22.06,8.28,16.53,2027853.0,1568161.0,3596014.0,3.98,2.29,3.24,5311.65,-0.38,,0.24,13.1,
2020-05-31,,81.33731,,,,,,,,,,,,-0.38,,,13.1
2020-06-01,591537.3,,20.9,7.28,15.45,2041232.0,1581817.0,3623049.0,3.62,1.96,2.89,5325.46,0.26,,0.21,13.6,
2020-06-30,,89.52587,,,,,,,,,,,,0.26,,,13.6
2020-07-01,629700.9,,20.75,6.88,15.26,2060528.0,1609796.0,3670324.0,3.46,1.87,2.76,5344.63,0.36,,0.19,14.1,
2020-07-31,,97.5778,,,,,,,,,,,,0.36,,,14.1
2020-08-01,625136.3,,20.01,6.93,14.81,2092254.0,1649768.0,3742022.0,3.3,1.83,2.65,5357.46,0.24,,0.16,14.8,
2020-08-31,,100.68178,,,,,,,,,,,,0.24,,,14.8
2020-09-01,635263.9,,19.4,6.09,14.14,2123244.0,1697670.0,3820914.0,3.14,1.54,2.43,5391.75,0.64,,0.16,14.9,
2020-09-30,,103.36021,,,,,,,,,,,,0.64,,,14.9
2020-10-01,661149.0,,19.68,6.3,14.4,2159264.0,1719393.0,3878657.0,3.06,1.47,2.35,5438.12,0.86,,0.16,14.6,
2020-10-31,,104.99364,,,,,,,,,,,,0.86,,,14.6
2020-11-01,665182.8,,19.16,6.23,14.13,2205910.0,1751350.0,3957260.0,2.97,1.29,2.23,5486.52,0.89,,0.15,14.3,
2020-11-30,,105.43452,,,,,,,,,,,,0.89,,,14.3
2020-12-01,685042.6,,18.97,6.86,14.29,2239719.0,1780450.0,4020169.0,2.84,1.2,2.11,5560.59,1.35,,0.16,14.2,
2020-12-31,,104.90825,,,,,,,,,,,,1.35,,,14.2
2021-01-01,653790.4,,19.94,8.55,15.58,2253131.0,1764350.0,4017481.0,2.88,1.2,2.14,5574.49,0.25,,0.15,14.4,
2021-01-31,,105.55842,,,,,,,,,,,,0.25,,,14.4
2021-02-01,676255.0,,20.18,7.65,15.38,2270532.0,1774313.0,4044845.0,2.92,1.35,2.23,5622.43,0.86,,0.13,14.6,
2021-02-28,,104.11077,,,,,,,,,,,,0.86,,,14.6
2021-03-01,735993.6,,19.99,6.77,14.89,2297064.0,1809384.0,4106449.0,2.87,1.2,2.13,5674.72,0.93,,0.2,14.9,
2021-03-31,,101.95353,,,,,,,,,,,,0.93,,,14.9
2021-04-01,713652.1,,19.9,7.01,14.96,2322034.0,1804880.0,4126914.0,2.91,1.27,2.19,5692.31,0.31,,0.21,14.8,
2021-04-30,,100.06662,,,,,,,,,,,,0.31,,,14.8
2021-05-01,712134.2,,19.03,6.91,14.42,2360682.0,1814790.0,4175472.0,2.97,1.51,2.33,5739.56,0.83,,0.27,14.7,
2021-05-31,,101.18189,,,,,,,,,,,,0.83,,,14.7
2021-06-01,714893.3,,19.01,6.68,14.34,2398138.0,1814263.0,4212400.0,2.87,1.48,2.27,5769.98,0.53,,0.31,14.2,
2021-06-30,,100.80246,,,,,,,,,,,,0.53,,,14.2
2021-07-01,743091.8,,18.73,7.4,14.49,2439145.0,1830524.0,4269669.0,2.9,1.52,2.31,5825.37,0.96,,0.36,13.7,
2021-07-31,,99.2782,,,,,,,,,,,,0.96,,,13.7
2021-08-01,740615.1,,18.59,7.16,14.35,2495958.0,1848208.0,4344165.0,2.92,1.5,2.31,5876.05,0.87,,0.43,13.2,
2021-08-31,,99.41758,,,,,,,,,,,,0.87,,,13.2
2021-09-01,745774.4,,18.67,7.07,14.34,2547929.0,1891192.0,4439121.0,2.97,1.36,2.28,5944.21,1.16,,0.44,12.7,
2021-09-30,,99.05907,,,,,,,,,,,,1.16,,,12.7
2021-10-01,755323.0,,19.35,7.76,15.07,2602076.0,1907849.0,4509925.0,2.95,1.36,2.28,6018.51,1.25,,0.49,12.1,
2021-10-31,,98.66785,,,,,,,,,,,,1.25,,,12.1
2021-11-01,771558.9,,19.47,7.97,15.25,2665388.0,1929659.0,4595047.0,2.97,1.4,2.31,6075.69,0.95,,0.59,11.6,
2021-11-30,,98.67817,,,,,,,,,,,,0.95,,,11.6
2021-12-01,782833.5,,20.19,8.05,15.7,2708971.0,1970605.0,4679575.0,3.0,1.33,2.3,6120.04,0.73,,0.77,11.1,
2021-12-31,,100.24859,,,,,,,,,,,,0.73,,,11.1
2022-01-01,722909.9,,20.57,8.69,16.21,2735580.0,1943805.0,4679385.0,3.21,1.38,2.45,6153.09,0.54,,0.73,11.2,
2022-01-31,,100.00043,,,,,,,,,,,,0.54,,,11.2
2022-02-01,754147.4,,21.43,8.66,16.76,2755932.0,1967754.0,4723686.0,3.33,1.36,2.51,6215.24,1.01,,0.76,11.2,
2022-02-28,,100.94294,,,,,,,,,,,,1.01,,,11.2
2022-03-01,838868.0,,21.96,8.23,16.94,2800311.0,1990048.0,4790359.0,3.39,1.46,2.59,6315.93,1.62,,0.93,11.1,
2022-03-31,,100.08569,,,,,,,,,,,,1.62,,,11.1
2022-04-01,819727.6,,22.3,8.43,17.24,2830339.0,1998547.0,4828886.0,3.48,1.48,2.66,6382.88,1.06,,0.83,10.5,
2022-04-30,,100.74937,,,,,,,,,,,,1.06,,,10.5
2022-05-01,826052.1,,22.3,8.0,17.09,2875462.0,2008336.0,4883798.0,3.59,1.48,2.72,6412.88,0.47,,1.03,9.8,
2022-05-31,,100.24153,,,,,,,,,,,,0.47,,,9.8
2022-06-01,826025.7,,22.68,8.49,17.51,2914335.0,2047451.0,4961785.0,3.52,1.44,2.66,6455.85,0.67,,1.02,9.3,
2022-06-30,,100.18837,,,,,,,,,,,,0.67,,,9.3
2022-07-01,852909.9,,23.26,9.82,18.39,2955620.0,2041622.0,4997242.0,3.65,1.51,2.77,6411.95,-0.68,,1.03,9.1,
2022-07-31,,101.07695,,,,,,,,,,,,-0.68,,,9.1
2022-08-01,854004.1,,24.1,8.66,18.57,3009898.0,2058843.0,5068741.0,3.72,1.52,2.83,6388.87,-0.36,,1.17,8.9,
2022-08-31,,99.79392,,,,,,,,,,,,-0.36,,,8.9
2022-09-01,836785.8,,24.08,9.13,18.74,3055514.0,2104721.0,5160236.0,3.74,1.55,2.85,6370.34,-0.29,,1.07,8.7,
2022-09-30,,98.15202,,,,,,,,,,,,-0.29,,,8.7
2022-10-01,877947.5,,25.71,9.4,19.9,3111431.0,2100060.0,5211491.0,3.83,1.67,2.96,6407.93,0.59,,1.02,8.3,
2022-10-31,,99.7797,,,,,,,,,,,,0.59,,,8.3
2022-11-01,879514.9,,25.94,8.56,19.84,3156588.0,2121812.0,5278400.0,3.85,1.7,2.99,6434.2,0.41,,1.02,8.1,
2022-11-30,,99.78074,,,,,,,,,,,,0.41,,,8.1
2022-12-01,883886.2,,24.54,8.38,18.85,3187782.0,2170267.0,5358049.0,3.88,1.69,2.99,6474.09,0.62,,1.12,7.9,
2022-12-31,,99.92425,,,,,,,,,,,,0.62,,,7.9
2023-01-01,812834.6,,25.09,10.01,19.79,3221624.0,2143696.0,5365320.0,4.04,1.82,3.15,6508.4,0.53,,1.12,8.4,
2023-01-31,,99.71347,,,,,,,,,,,,0.53,,,8.4
2023-02-01,831224.5,,26.03,9.2,20.19,3235889.0,2128587.0,5364476.0,4.08,2.04,3.27,6563.07,0.84,,0.92,8.6,
2023-02-28,,99.54949,,,,,,,,,,,,0.84,,,8.6
2023-03-01,938679.8,,26.11,9.21,20.3,3270928.0,2146398.0,5417326.0,4.03,2.08,3.26,6609.67,0.71,,1.17,8.8,
2023-03-31,,100.35643,,,,,,,,,,,,0.71,,,8.8
2023-04-01,904664.8,,27.55,9.21,21.29,3282388.0,2136652.0,5419040.0,4.18,2.32,3.45,6649.99,0.61,,0.92,8.5,
2023-04-30,,99.89498,,,,,,,,,,,,0.61,,,8.5
2023-05-01,903238.1,,27.59,9.36,21.42,3308931.0,2137582.0,5446513.0,4.25,2.45,3.55,6665.28,0.23,,1.12,8.3,
2023-05-31,,100.58941,,,,,,,,,,,,0.23,,,8.3
2023-06-01,893074.9,,27.25,9.24,21.16,3310857.0,2161384.0,5472241.0,4.18,2.5,3.51,6659.95,-0.08,,1.07,8.0,
2023-06-30,,100.12628,,,,,,,,,,,,-0.08,,,8.0
2023-07-01,911553.5,,26.73,9.56,20.94,3332138.0,2145357.0,5477495.0,4.14,2.6,3.54,6667.94,0.12,,1.07,7.9,
2023-07-31,,99.45754,,,,,,,,,,,,0.12,,,7.9
2023-08-01,923374.4,,26.34,9.26,20.59,3387211.0,2164354.0,5551565.0,4.04,2.69,3.51,6683.28,0.23,,1.14,7.8,
2023-08-31,,100.04009,,,,,,,,,,,,0.23,,,7.8
2023-09-01,905912.7,,25.9,9.45,20.36,3411538.0,2204640.0,5616177.0,3.92,2.69,3.44,6700.66,0.26,,0.97,7.7,
2023-09-30,,99.60736,,,,,,,,,,,,0.26,,,7.7
2023-10-01,943578.5,,25.25,9.37,19.91,3449675.0,2195088.0,5644764.0,3.89,2.79,3.46,6716.74,0.24,,1.0,7.6,
2023-10-31,,100.06115,,,,,,,,,,,,0.24,,,7.6
2023-11-01,950303.5,,25.32,9.19,19.94,3490967.0,2211381.0,5702348.0,3.79,2.85,3.43,6735.55,0.28,,0.92,7.5,
2023-11-30,,101.24125,,,,,,,,,,,,0.28,,,7.5
2023-12-01,949176.5,,24.98,8.5,19.45,3522206.0,2271990.0,5794196.0,3.66,2.45,3.18,6773.27,0.56,,0.89,7.4,
2023-12-31,,103.06379,,,,,,,,,,,,0.56,,,7.4
2024-01-01,889287.9,,24.06,9.68,19.27,3560807.0,2223506.0,5784313.0,3.67,2.6,3.26,6801.72,0.42,,0.97,7.6,
2024-01-31,,101.70206,,,,,,,,,,,,0.42,,,7.6
2024-02-01,899561.2,,24.29,9.1,19.28,3580901.0,2221893.0,5802794.0,3.67,2.59,3.26,6858.17,0.83,,0.8,7.8,
2024-02-29,,101.68252,,,,,,,,,,,,0.83,,,7.8
2024-03-01,965492.7,,24.63,8.55,19.33,3614106.0,2285751.0,5899857.0,3.62,2.54,3.2,6869.14,0.16,,0.83,7.9,
2024-03-31,,102.22053,,,,,,,,,,,,0.16,,,7.9
2024-04-01,992884.0,,24.21,8.58,19.06,3646778.0,2268846.0,5915624.0,3.66,2.58,3.24,6895.24,0.38,,0.89,7.5,
2024-04-30,,101.86259,,,,,,,,,,,,0.38,,,7.5
2024-05-01,966039.5,,24.0,8.08,18.79,3674815.0,2277001.0,5951817.0,3.69,2.56,3.26,6926.96,0.46,,0.83,7.1,
2024-05-31,,100.63506,,,,,,,,,,,,0.46,,,7.1
2024-06-01,975835.3,,23.78,7.78,18.54,3704064.0,2336157.0,6040221.0,3.62,2.45,3.17,6941.51,0.21,,0.79,6.9,
2024-06-30,,105.1003,,,,,,,,,,,,0.21,,,6.9
2024-07-01,1018525.7,,23.64,8.02,18.53,3744082.0,2321183.0,6065265.0,3.7,2.33,3.17,6967.89,0.38,,0.91,6.8,
2024-07-31,,103.51548,,,,,,,,,,,,0.38,,,6.8
2024-08-01,1003898.1,,23.48,7.96,18.46,3790764.0,2343924.0,6134688.0,3.74,2.36,3.21,6966.5,-0.02,,0.87,6.6,
2024-08-31,,103.25541,,,,,,,,,,,,-0.02,,,6.6
2024-09-01,993512.2,,23.46,7.44,18.27,3831806.0,2384373.0,6216178.0,3.75,2.37,3.22,6997.15,0.44,,0.84,6.4,
2024-09-30,,104.27749,,,,,,,,,,,,0.44,,,6.4
2024-10-01,1045433.4,,23.23,7.94,18.27,3877157.0,2397484.0,6274641.0,3.7,2.33,3.17,7036.33,0.56,,0.93,6.2,
2024-10-31,,104.29796,,,,,,,,,,,,0.56,,,6.2
2024-11-01,1019291.4,,23.53,7.73,18.42,3929256.0,2435998.0,6365255.0,3.66,2.31,3.14,7063.77,0.39,,0.79,6.1,
2024-11-30,,103.70895,,,,,,,,,,,,0.39,,,6.1
2024-12-01,998998.4,,22.63,6.94,17.52,3965534.0,2497213.0,6462746.0,3.54,2.03,2.95,7100.5,0.52,,0.93,6.2,
2024-12-31,,103.66426,,,,,,,,,,,,0.52,,,6.2
2025-01-01,958405.1,,23.02,8.65,18.38,4013980.0,2450444.0,6464424.0,3.78,2.23,3.19,7111.86,0.16,,1.01,6.5,
2025-01-31,,103.55658,,,,,,,,,,,,0.16,,,6.5
2025-02-01,994393.6,,24.62,8.18,19.31,4040708.0,2477987.0,6518695.0,3.85,2.3,3.26,7205.03,1.31,,0.99,6.8,
2025-02-28,,103.02064,,,,,,,,,,,,1.31,,,6.8
2025-03-01,1071924.3,,24.67,8.14,19.37,4083812.0,2495720.0,6579532.0,3.91,2.25,3.28,7245.38,0.56,,0.96,7.0,
2025-03-31,,105.00776,,,,,,,,,,,,0.56,,,7.0
2025-04-01,1086929.1,,25.39,8.43,19.98,4116655.0,2513816.0,6630471.0,4.13,2.46,3.5,7276.54,0.43,,1.06,6.6,
2025-04-30,,104.40868,,,,,,,,,,,,0.43,,,6.6
2025-05-01,1062372.0,,25.84,8.55,20.4,4133403.0,2532592.0,6665994.0,4.24,2.4,3.54,7295.46,0.26,,1.14,6.2,
2025-05-31,,103.83627,,,,,,,,,,,,0.26,,,6.2
2025-06-01,1051043.9,,26.04,8.84,20.6,4155742.0,2547706.0,6703448.0,4.29,2.4,3.57,7312.97,0.24,,1.1,5.8,
2025-06-30,,103.89699,,,,,,,,,,,,0.24,,,5.8
2025-07-01,1095324.9,,25.44,9.4,20.4,4188077.0,2544275.0,6732353.0,4.54,2.51,3.77,7331.98,0.26,,1.28,5.6,
2025-07-31,,103.71367,,,,,,,,,,,,0.26,,,5.6
2025-08-01,1066029.9,,25.74,9.33,20.61,4226068.0,2546082.0,6772151.0,4.79,2.56,3.95,7323.91,-0.11,,1.16,5.6,
2025-08-31,,104.47106,,,,,,,,,,,,-0.11,,,5.6
2025-09-01,1074352.8,,25.72,8.8,20.37,4260447.0,2589912.0,6850359.0,4.76,2.51,3.91,7359.06,0.48,,1.22,5.6,
2025-09-30,,104.07048,,,,,,,,,,,,0.48,,,5.6
2025-10-01,1107951.1,,25.98,9.32,20.75,4321868.0,2597503.0,6919371.0,4.86,2.56,4.0,7365.68,0.09,,1.28,5.4,
2025-10-31,,104.23253,,,,,,,,,,,,0.09,,,5.4
2025-11-01,1084709.5,,27.21,8.71,21.45,4382025.0,2616212.0,6998237.0,5.0,2.48,4.05,7378.94,0.18,,1.05,5.2,
2025-11-30,,104.07894,,,,,,,,,,,,0.18,,,5.2
2025-12-01,1085129.6,,27.09,8.03,21.11,4430415.0,2701136.0,7131551.0,4.99,2.43,4.02,7403.29,0.33,,1.22,5.1,
2025-12-31,,102.03534,,,,,,,,,,,,0.33,,,5.1
2026-01-01,1023703.2,,27.3,9.15,21.63,4466950.0,2652975.0,7119925.0,5.05,2.41,4.07,7427.72,0.33,,1.16,5.4,
2026-01-31,,104.15411,,,,,,,,,,,,0.33,,,5.4
2026-02-01,1042272.6,,27.93,9.18,22.1,4491912.0,2653768.0,7145681.0,5.24,2.6,4.26,7479.71,0.7,,1.0,5.8,
2026-02-28,,105.12157,,,,,,,,,,,,0.7,,,5.8
2026-03-01,,,,,,,,,,,,7545.53,0.88,,1.21,,
2026-03-31,,,,,,,,,,,,,,0.88,,,
2026-04-01,,,,,,,,,,,,,,,0.43,,
